Workbook

Sheet グラフ_ケース単位
A1: ケース単位の推移（9ロット）
B3: ロット1 | F3: ロット2 | J3: ロット3 | N3: ロット4 | R3: ロット5 | V3: ロット6 | Z3: ロット7 | AD3: ロット8 | AH3: ロット9 | AL3: ロット10 | AP3: ロット11 | AT3: ロット12 | AX3: ロット13 | BB3: ロット14 | BF3: ロット15
A4: ケースNo | B4: 平均(g) | C4: 最小(g) | D4: 最大(g) | E4: はね本数 | F4: 平均(g) | G4: 最小(g) | H4: 最大(g) | I4: はね本数 | J4: 平均(g) | K4: 最小(g) | L4: 最大(g) | M4: はね本数 | N4: 平均(g) | O4: 最小(g) | P4: 最大(g) | Q4: はね本数 | R4: 平均(g) | S4: 最小(g) | T4: 最大(g) | U4: はね本数 | V4: 平均(g) | W4: 最小(g) | X4: 最大(g) | Y4: はね本数 | Z4: 平均(g) | AA4: 最小(g) | AB4: 最大(g) | AC4: はね本数 | AD4: 平均(g) | AE4: 最小(g) | AF4: 最大(g) | AG4: はね本数 | AH4: 平均(g) | AI4: 最小(g) | AJ4: 最大(g) | AK4: はね本数 | AL4: 平均(g) | AM4: 最小(g) | AN4: 最大(g) | AO4: はね本数 | AP4: 平均(g) | AQ4: 最小(g) | AR4: 最大(g) | AS4: はね本数 | AT4: 平均(g) | AU4: 最小(g) | AV4: 最大(g) | AW4: はね本数 | AX4: 平均(g) | AY4: 最小(g) | AZ4: 最大(g) | BA4: はね本数 | BB4: 平均(g) | BC4: 最小(g) | BD4: 最大(g) | BE4: はね本数 | BF4: 平均(g) | BG4: 最小(g) | BH4: 最大(g) | BI4: はね本数
A5: 1 | B5: =[1]ケース単位集計!C5 -> 294.6125 | C5: =[1]ケース単位集計!D5 -> 294.1 | D5: =[1]ケース単位集計!E5 -> 295 | E5: =[1]ケース単位集計!G5 -> 0 | F5: =[1]ケース単位集計!C35 -> 295.39375 | G5: =[1]ケース単位集計!D35 -> 294.7 | H5: =[1]ケース単位集計!E35 -> 295.9 | I5: =[1]ケース単位集計!G35 -> 0 | J5: =[1]ケース単位集計!C66 -> 294.1125 | K5: =[1]ケース単位集計!D66 -> 293.4 | L5: =[1]ケース単位集計!E66 -> 294.7 | M5: =[1]ケース単位集計!G66 -> 0 | N5: =[1]ケース単位集計!C96 -> 295.4775 | O5: =[1]ケース単位集計!D96 -> 294.9 | P5: =[1]ケース単位集計!E96 -> 296.1 | Q5: =[1]ケース単位集計!G96 -> 0 | R5: =[1]ケース単位集計!C128 -> 292.64625 | S5: =[1]ケース単位集計!D128 -> 291.6 | T5: =[1]ケース単位集計!E128 -> 293.3 | U5: =[1]ケース単位集計!G128 -> 0 | V5: =[1]ケース単位集計!C159 -> 291.91625 | W5: =[1]ケース単位集計!D159 -> 291 | X5: =[1]ケース単位集計!E159 -> 293.1 | Y5: =[1]ケース単位集計!G159 -> 0 | Z5: =[1]ケース単位集計!C192 -> 294.3975 | AA5: =[1]ケース単位集計!D192 -> 292.4 | AB5: =[1]ケース単位集計!E192 -> 296.2 | AC5: =[1]ケース単位集計!G192 -> 8 | AD5: =[1]ケース単位集計!C224 -> 295.03625 | AE5: =[1]ケース単位集計!D224 -> 292.9 | AF5: =[1]ケース単位集計!E224 -> 296.2 | AG5: =[1]ケース単位集計!G224 -> 8 | AH5: =[1]ケース単位集計!C256 -> 294.05625 | AI5: =[1]ケース単位集計!D256 -> 291.9 | AJ5: =[1]ケース単位集計!E256 -> 296.3 | AK5: =[1]ケース単位集計!G256 -> 32 | AL5: =[1]ケース単位集計!C287 -> 292.76125 | AM5: =[1]ケース単位集計!D287 -> 291.5 | AN5: =[1]ケース単位集計!E287 -> 293.6 | AO5: =[1]ケース単位集計!G287 -> 0 | AP5: =[1]ケース単位集計!$C318 -> 294.13875 | AQ5: =[1]ケース単位集計!$D318 -> 292.6 | AR5: =[1]ケース単位集計!$E318 -> 295.4 | AS5: =[1]ケース単位集計!$G318 -> 2 | AT5: =[1]ケース単位集計!$C349 -> 293.21875 | AU5: =[1]ケース単位集計!$D349 -> 292.3 | AV5: =[1]ケース単位集計!$E349 -> 293.8 | AW5: =[1]ケース単位集計!$G349 -> 0 | AX5: =[1]ケース単位集計!$C381 -> 293.96875 | AY5: =[1]ケース単位集計!$D381 -> 292.3 | AZ5: =[1]ケース単位集計!$E381 -> 295.4 | BA5: =[1]ケース単位集計!$G381 -> 3 | BB5: =[1]ケース単位集計!$C412 -> 293.62 | BC5: =[1]ケース単位集計!$D412 -> 292.6 | BD5: =[1]ケース単位集計!$E412 -> 294.6 | BE5: =[1]ケース単位集計!$G412 -> 0 | BF5: =[1]ケース単位集計!$C442 -> 293.74375 | BG5: =[1]ケース単位集計!$D442 -> 292.8 | BH5: =[1]ケース単位集計!$E442 -> 294.6 | BI5: =[1]ケース単位集計!$G442 -> 0
A6: 2 | B6: =[1]ケース単位集計!C6 -> 294.385 | C6: =[1]ケース単位集計!D6 -> 293.9 | D6: =[1]ケース単位集計!E6 -> 294.9 | E6: =[1]ケース単位集計!G6 -> 0 | F6: =[1]ケース単位集計!C36 -> 295.385 | G6: =[1]ケース単位集計!D36 -> 294.6 | H6: =[1]ケース単位集計!E36 -> 295.9 | I6: =[1]ケース単位集計!G36 -> 0 | J6: =[1]ケース単位集計!C67 -> 294.17125 | K6: =[1]ケース単位集計!D67 -> 293.7 | L6: =[1]ケース単位集計!E67 -> 294.7 | M6: =[1]ケース単位集計!G67 -> 0 | N6: =[1]ケース単位集計!C97 -> 295.4725 | O6: =[1]ケース単位集計!D97 -> 294.6 | P6: =[1]ケース単位集計!E97 -> 296.3 | Q6: =[1]ケース単位集計!G97 -> 0 | R6: =[1]ケース単位集計!C129 -> 292.58625 | S6: =[1]ケース単位集計!D129 -> 291.2 | T6: =[1]ケース単位集計!E129 -> 293.6 | U6: =[1]ケース単位集計!G129 -> 0 | V6: =[1]ケース単位集計!C160 -> 291.67375 | W6: =[1]ケース単位集計!D160 -> 290.7 | X6: =[1]ケース単位集計!E160 -> 293.1 | Y6: =[1]ケース単位集計!G160 -> 0 | Z6: =[1]ケース単位集計!C193 -> 294.115 | AA6: =[1]ケース単位集計!D193 -> 292.3 | AB6: =[1]ケース単位集計!E193 -> 296.2 | AC6: =[1]ケース単位集計!G193 -> 7 | AD6: =[1]ケース単位集計!C225 -> 295.13 | AE6: =[1]ケース単位集計!D225 -> 292.4 | AF6: =[1]ケース単位集計!E225 -> 296.5 | AG6: =[1]ケース単位集計!G225 -> 6 | AH6: =[1]ケース単位集計!C257 -> 292.90625 | AI6: =[1]ケース単位集計!D257 -> 291.8 | AJ6: =[1]ケース単位集計!E257 -> 296.4 | AK6: =[1]ケース単位集計!G257 -> 10 | AL6: =[1]ケース単位集計!C288 -> 292.58 | AM6: =[1]ケース単位集計!D288 -> 291.4 | AN6: =[1]ケース単位集計!E288 -> 293.4 | AO6: =[1]ケース単位集計!G288 -> 0 | AP6: =[1]ケース単位集計!$C319 -> 294.155 | AQ6: =[1]ケース単位集計!$D319 -> 292.9 | AR6: =[1]ケース単位集計!$E319 -> 295.4 | AS6: =[1]ケース単位集計!$G319 -> 0 | AT6: =[1]ケース単位集計!$C350 -> 293.30375 | AU6: =[1]ケース単位集計!$D350 -> 292.6 | AV6: =[1]ケース単位集計!$E350 -> 293.8 | AW6: =[1]ケース単位集計!$G350 -> 0 | AX6: =[1]ケース単位集計!$C382 -> 294.02625 | AY6: =[1]ケース単位集計!$D382 -> 292.9 | AZ6: =[1]ケース単位集計!$E382 -> 295.2 | BA6: =[1]ケース単位集計!$G382 -> 0 | BB6: =[1]ケース単位集計!$C413 -> 293.705 | BC6: =[1]ケース単位集計!$D413 -> 292.6 | BD6: =[1]ケース単位集計!$E413 -> 294.8 | BE6: =[1]ケース単位集計!$G413 -> 0 | BF6: =[1]ケース単位集計!$C443 -> 293.6125 | BG6: =[1]ケース単位集計!$D443 -> 292.9 | BH6: =[1]ケース単位集計!$E443 -> 294.3 | BI6: =[1]ケース単位集計!$G443 -> 0
A7: 3 | B7: =[1]ケース単位集計!C7 -> 294.41625 | C7: =[1]ケース単位集計!D7 -> 293.7 | D7: =[1]ケース単位集計!E7 -> 295 | E7: =[1]ケース単位集計!G7 -> 0 | F7: =[1]ケース単位集計!C37 -> 294.825 | G7: =[1]ケース単位集計!D37 -> 294.1 | H7: =[1]ケース単位集計!E37 -> 295.8 | I7: =[1]ケース単位集計!G37 -> 0 | J7: =[1]ケース単位集計!C68 -> 294.09 | K7: =[1]ケース単位集計!D68 -> 293.5 | L7: =[1]ケース単位集計!E68 -> 294.5 | M7: =[1]ケース単位集計!G68 -> 0 | N7: =[1]ケース単位集計!C98 -> 295.5325 | O7: =[1]ケース単位集計!D98 -> 294.8 | P7: =[1]ケース単位集計!E98 -> 296.3 | Q7: =[1]ケース単位集計!G98 -> 0 | R7: =[1]ケース単位集計!C130 -> 292.65875 | S7: =[1]ケース単位集計!D130 -> 291.3 | T7: =[1]ケース単位集計!E130 -> 293.4 | U7: =[1]ケース単位集計!G130 -> 0 | V7: =[1]ケース単位集計!C161 -> 291.89375 | W7: =[1]ケース単位集計!D161 -> 290.9 | X7: =[1]ケース単位集計!E161 -> 293.1 | Y7: =[1]ケース単位集計!G161 -> 0 | Z7: =[1]ケース単位集計!C194 -> 294.025 | AA7: =[1]ケース単位集計!D194 -> 292 | AB7: =[1]ケース単位集計!E194 -> 296.3 | AC7: =[1]ケース単位集計!G194 -> 12 | AD7: =[1]ケース単位集計!C226 -> 295.255 | AE7: =[1]ケース単位集計!D226 -> 292.6 | AF7: =[1]ケース単位集計!E226 -> 296.6 | AG7: =[1]ケース単位集計!G226 -> 19 | AH7: =[1]ケース単位集計!C258 -> 292.6425 | AI7: =[1]ケース単位集計!D258 -> 291.9 | AJ7: =[1]ケース単位集計!E258 -> 295.7 | AK7: =[1]ケース単位集計!G258 -> 1 | AL7: =[1]ケース単位集計!C289 -> 293.09 | AM7: =[1]ケース単位集計!D289 -> 292.1 | AN7: =[1]ケース単位集計!E289 -> 293.9 | AO7: =[1]ケース単位集計!G289 -> 0 | AP7: =[1]ケース単位集計!$C320 -> 293.37875 | AQ7: =[1]ケース単位集計!$D320 -> 291.3 | AR7: =[1]ケース単位集計!$E320 -> 295.3 | AS7: =[1]ケース単位集計!$G320 -> 16 | AT7: =[1]ケース単位集計!$C351 -> 293.3025 | AU7: =[1]ケース単位集計!$D351 -> 292.5 | AV7: =[1]ケース単位集計!$E351 -> 293.9 | AW7: =[1]ケース単位集計!$G351 -> 0 | AX7: =[1]ケース単位集計!$C383 -> 294.05375 | AY7: =[1]ケース単位集計!$D383 -> 292.7 | AZ7: =[1]ケース単位集計!$E383 -> 295.3 | BA7: =[1]ケース単位集計!$G383 -> 1 | BB7: =[1]ケース単位集計!$C414 -> 293.6 | BC7: =[1]ケース単位集計!$D414 -> 292.7 | BD7: =[1]ケース単位集計!$E414 -> 294.9 | BE7: =[1]ケース単位集計!$G414 -> 0 | BF7: =[1]ケース単位集計!$C444 -> 293.5625 | BG7: =[1]ケース単位集計!$D444 -> 292.6 | BH7: =[1]ケース単位集計!$E444 -> 294.2 | BI7: =[1]ケース単位集計!$G444 -> 0
A8: 4 | B8: =[1]ケース単位集計!C8 -> 294.425 | C8: =[1]ケース単位集計!D8 -> 293.9 | D8: =[1]ケース単位集計!E8 -> 295.1 | E8: =[1]ケース単位集計!G8 -> 0 | F8: =[1]ケース単位集計!C38 -> 294.57375 | G8: =[1]ケース単位集計!D38 -> 293.8 | H8: =[1]ケース単位集計!E38 -> 295.7 | I8: =[1]ケース単位集計!G38 -> 0 | J8: =[1]ケース単位集計!C69 -> 294.3075 | K8: =[1]ケース単位集計!D69 -> 293.6 | L8: =[1]ケース単位集計!E69 -> 295 | M8: =[1]ケース単位集計!G69 -> 0 | N8: =[1]ケース単位集計!C99 -> 295.725 | O8: =[1]ケース単位集計!D99 -> 295.1 | P8: =[1]ケース単位集計!E99 -> 296.5 | Q8: =[1]ケース単位集計!G99 -> 0 | R8: =[1]ケース単位集計!C131 -> 292.7475 | S8: =[1]ケース単位集計!D131 -> 291.8 | T8: =[1]ケース単位集計!E131 -> 293.6 | U8: =[1]ケース単位集計!G131 -> 0 | V8: =[1]ケース単位集計!C162 -> 291.8325 | W8: =[1]ケース単位集計!D162 -> 290.6 | X8: =[1]ケース単位集計!E162 -> 293.1 | Y8: =[1]ケース単位集計!G162 -> 1 | Z8: =[1]ケース単位集計!C195 -> 294.2275 | AA8: =[1]ケース単位集計!D195 -> 292.3 | AB8: =[1]ケース単位集計!E195 -> 296.6 | AC8: =[1]ケース単位集計!G195 -> 8 | AD8: =[1]ケース単位集計!C227 -> 295.05375 | AE8: =[1]ケース単位集計!D227 -> 292.4 | AF8: =[1]ケース単位集計!E227 -> 296.5 | AG8: =[1]ケース単位集計!G227 -> 8 | AH8: =[1]ケース単位集計!C259 -> 292.95375 | AI8: =[1]ケース単位集計!D259 -> 292.2 | AJ8: =[1]ケース単位集計!E259 -> 295.4 | AK8: =[1]ケース単位集計!G259 -> 1 | AL8: =[1]ケース単位集計!C290 -> 292.93875 | AM8: =[1]ケース単位集計!D290 -> 291.7 | AN8: =[1]ケース単位集計!E290 -> 293.6 | AO8: =[1]ケース単位集計!G290 -> 0 | AP8: =[1]ケース単位集計!$C321 -> 293.16625 | AQ8: =[1]ケース単位集計!$D321 -> 292 | AR8: =[1]ケース単位集計!$E321 -> 295.1 | AS8: =[1]ケース単位集計!$G321 -> 8 | AT8: =[1]ケース単位集計!$C352 -> 293.07625 | AU8: =[1]ケース単位集計!$D352 -> 292.2 | AV8: =[1]ケース単位集計!$E352 -> 293.8 | AW8: =[1]ケース単位集計!$G352 -> 0 | AX8: =[1]ケース単位集計!$C384 -> 294.1225 | AY8: =[1]ケース単位集計!$D384 -> 292.9 | AZ8: =[1]ケース単位集計!$E384 -> 295.2 | BA8: =[1]ケース単位集計!$G384 -> 0 | BB8: =[1]ケース単位集計!$C415 -> 293.49 | BC8: =[1]ケース単位集計!$D415 -> 292.6 | BD8: =[1]ケース単位集計!$E415 -> 294.6 | BE8: =[1]ケース単位集計!$G415 -> 0 | BF8: =[1]ケース単位集計!$C445 -> 293.64625 | BG8: =[1]ケース単位集計!$D445 -> 293 | BH8: =[1]ケース単位集計!$E445 -> 294.3 | BI8: =[1]ケース単位集計!$G445 -> 0
A9: 5 | B9: =[1]ケース単位集計!C9 -> 294.34625 | C9: =[1]ケース単位集計!D9 -> 293.9 | D9: =[1]ケース単位集計!E9 -> 295.1 | E9: =[1]ケース単位集計!G9 -> 0 | F9: =[1]ケース単位集計!C39 -> 294.45875 | G9: =[1]ケース単位集計!D39 -> 294.1 | H9: =[1]ケース単位集計!E39 -> 294.9 | I9: =[1]ケース単位集計!G39 -> 0 | J9: =[1]ケース単位集計!C70 -> 294.34625 | K9: =[1]ケース単位集計!D70 -> 293.7 | L9: =[1]ケース単位集計!E70 -> 294.9 | M9: =[1]ケース単位集計!G70 -> 0 | N9: =[1]ケース単位集計!C100 -> 295.50875 | O9: =[1]ケース単位集計!D100 -> 294.9 | P9: =[1]ケース単位集計!E100 -> 296.2 | Q9: =[1]ケース単位集計!G100 -> 0 | R9: =[1]ケース単位集計!C132 -> 292.83125 | S9: =[1]ケース単位集計!D132 -> 291.6 | T9: =[1]ケース単位集計!E132 -> 293.8 | U9: =[1]ケース単位集計!G132 -> 0 | V9: =[1]ケース単位集計!C163 -> 291.85625 | W9: =[1]ケース単位集計!D163 -> 290.8 | X9: =[1]ケース単位集計!E163 -> 292.9 | Y9: =[1]ケース単位集計!G163 -> 0 | Z9: =[1]ケース単位集計!C196 -> 294.25375 | AA9: =[1]ケース単位集計!D196 -> 292.8 | AB9: =[1]ケース単位集計!E196 -> 296.4 | AC9: =[1]ケース単位集計!G196 -> 3 | AD9: =[1]ケース単位集計!C228 -> 295.12 | AE9: =[1]ケース単位集計!D228 -> 292.5 | AF9: =[1]ケース単位集計!E228 -> 296.4 | AG9: =[1]ケース単位集計!G228 -> 7 | AH9: =[1]ケース単位集計!C260 -> 292.665 | AI9: =[1]ケース単位集計!D260 -> 292 | AJ9: =[1]ケース単位集計!E260 -> 293.3 | AK9: =[1]ケース単位集計!G260 -> 0 | AL9: =[1]ケース単位集計!C291 -> 293.05375 | AM9: =[1]ケース単位集計!D291 -> 291.8 | AN9: =[1]ケース単位集計!E291 -> 294 | AO9: =[1]ケース単位集計!G291 -> 2 | AP9: =[1]ケース単位集計!$C322 -> 292.825 | AQ9: =[1]ケース単位集計!$D322 -> 291.7 | AR9: =[1]ケース単位集計!$E322 -> 295 | AS9: =[1]ケース単位集計!$G322 -> 2 | AT9: =[1]ケース単位集計!$C353 -> 292.8975 | AU9: =[1]ケース単位集計!$D353 -> 292.2 | AV9: =[1]ケース単位集計!$E353 -> 293.7 | AW9: =[1]ケース単位集計!$G353 -> 0 | AX9: =[1]ケース単位集計!$C385 -> 294.20625 | AY9: =[1]ケース単位集計!$D385 -> 293.5 | AZ9: =[1]ケース単位集計!$E385 -> 295.3 | BA9: =[1]ケース単位集計!$G385 -> 1 | BB9: =[1]ケース単位集計!$C416 -> 293.5525 | BC9: =[1]ケース単位集計!$D416 -> 292.6 | BD9: =[1]ケース単位集計!$E416 -> 294.6 | BE9: =[1]ケース単位集計!$G416 -> 0 | BF9: =[1]ケース単位集計!$C446 -> 293.54125 | BG9: =[1]ケース単位集計!$D446 -> 292.6 | BH9: =[1]ケース単位集計!$E446 -> 294.2 | BI9: =[1]ケース単位集計!$G446 -> 0
A10: 6 | B10: =[1]ケース単位集計!C10 -> 294.9525 | C10: =[1]ケース単位集計!D10 -> 293.9 | D10: =[1]ケース単位集計!E10 -> 295.7 | E10: =[1]ケース単位集計!G10 -> 0 | F10: =[1]ケース単位集計!C40 -> 294.51125 | G10: =[1]ケース単位集計!D40 -> 294 | H10: =[1]ケース単位集計!E40 -> 296 | I10: =[1]ケース単位集計!G40 -> 0 | J10: =[1]ケース単位集計!C71 -> 294.235 | K10: =[1]ケース単位集計!D71 -> 293.7 | L10: =[1]ケース単位集計!E71 -> 294.8 | M10: =[1]ケース単位集計!G71 -> 0 | N10: =[1]ケース単位集計!C101 -> 295.61125 | O10: =[1]ケース単位集計!D101 -> 294.7 | P10: =[1]ケース単位集計!E101 -> 296.3 | Q10: =[1]ケース単位集計!G101 -> 0 | R10: =[1]ケース単位集計!C133 -> 292.57125 | S10: =[1]ケース単位集計!D133 -> 291.7 | T10: =[1]ケース単位集計!E133 -> 293.4 | U10: =[1]ケース単位集計!G133 -> 0 | V10: =[1]ケース単位集計!C164 -> 291.78125 | W10: =[1]ケース単位集計!D164 -> 290.8 | X10: =[1]ケース単位集計!E164 -> 293.1 | Y10: =[1]ケース単位集計!G164 -> 0 | Z10: =[1]ケース単位集計!C197 -> 294.23875 | AA10: =[1]ケース単位集計!D197 -> 292.4 | AB10: =[1]ケース単位集計!E197 -> 297.2 | AC10: =[1]ケース単位集計!G197 -> 11 | AD10: =[1]ケース単位集計!C229 -> 295.2125 | AE10: =[1]ケース単位集計!D229 -> 293 | AF10: =[1]ケース単位集計!E229 -> 296.3 | AG10: =[1]ケース単位集計!G229 -> 9 | AH10: =[1]ケース単位集計!C261 -> 292.63625 | AI10: =[1]ケース単位集計!D261 -> 292 | AJ10: =[1]ケース単位集計!E261 -> 293.3 | AK10: =[1]ケース単位集計!G261 -> 0 | AL10: =[1]ケース単位集計!C292 -> 292.96 | AM10: =[1]ケース単位集計!D292 -> 291.7 | AN10: =[1]ケース単位集計!E292 -> 294.4 | AO10: =[1]ケース単位集計!G292 -> 1 | AP10: =[1]ケース単位集計!$C323 -> 293.0225 | AQ10: =[1]ケース単位集計!$D323 -> 291.8 | AR10: =[1]ケース単位集計!$E323 -> 295.3 | AS10: =[1]ケース単位集計!$G323 -> 3 | AT10: =[1]ケース単位集計!$C354 -> 292.9575 | AU10: =[1]ケース単位集計!$D354 -> 292.5 | AV10: =[1]ケース単位集計!$E354 -> 293.7 | AW10: =[1]ケース単位集計!$G354 -> 0 | AX10: =[1]ケース単位集計!$C386 -> 294.0925 | AY10: =[1]ケース単位集計!$D386 -> 293.1 | AZ10: =[1]ケース単位集計!$E386 -> 295.2 | BA10: =[1]ケース単位集計!$G386 -> 0 | BB10: =[1]ケース単位集計!$C417 -> 293.6425 | BC10: =[1]ケース単位集計!$D417 -> 292.8 | BD10: =[1]ケース単位集計!$E417 -> 295 | BE10: =[1]ケース単位集計!$G417 -> 0 | BF10: =[1]ケース単位集計!$C447 -> 293.4225 | BG10: =[1]ケース単位集計!$D447 -> 292.8 | BH10: =[1]ケース単位集計!$E447 -> 294 | BI10: =[1]ケース単位集計!$G447 -> 0
A11: 7 | B11: =[1]ケース単位集計!C11 -> 294.63 | C11: =[1]ケース単位集計!D11 -> 294.1 | D11: =[1]ケース単位集計!E11 -> 295.4 | E11: =[1]ケース単位集計!G11 -> 0 | F11: =[1]ケース単位集計!C41 -> 294.38375 | G11: =[1]ケース単位集計!D41 -> 293.9 | H11: =[1]ケース単位集計!E41 -> 295.8 | I11: =[1]ケース単位集計!G41 -> 0 | J11: =[1]ケース単位集計!C72 -> 294.13125 | K11: =[1]ケース単位集計!D72 -> 293.6 | L11: =[1]ケース単位集計!E72 -> 294.9 | M11: =[1]ケース単位集計!G72 -> 0 | N11: =[1]ケース単位集計!C102 -> 295.7225 | O11: =[1]ケース単位集計!D102 -> 295 | P11: =[1]ケース単位集計!E102 -> 296.6 | Q11: =[1]ケース単位集計!G102 -> 0 | R11: =[1]ケース単位集計!C134 -> 292.66625 | S11: =[1]ケース単位集計!D134 -> 291.6 | T11: =[1]ケース単位集計!E134 -> 293.4 | U11: =[1]ケース単位集計!G134 -> 0 | V11: =[1]ケース単位集計!C165 -> 291.7325 | W11: =[1]ケース単位集計!D165 -> 290.7 | X11: =[1]ケース単位集計!E165 -> 293 | Y11: =[1]ケース単位集計!G165 -> 0 | Z11: =[1]ケース単位集計!C198 -> 294.32625 | AA11: =[1]ケース単位集計!D198 -> 292.5 | AB11: =[1]ケース単位集計!E198 -> 296.2 | AC11: =[1]ケース単位集計!G198 -> 15 | AD11: =[1]ケース単位集計!C230 -> 295.04625 | AE11: =[1]ケース単位集計!D230 -> 293.3 | AF11: =[1]ケース単位集計!E230 -> 296.4 | AG11: =[1]ケース単位集計!G230 -> 5 | AH11: =[1]ケース単位集計!C262 -> 292.625 | AI11: =[1]ケース単位集計!D262 -> 291.5 | AJ11: =[1]ケース単位集計!E262 -> 295 | AK11: =[1]ケース単位集計!G262 -> 3 | AL11: =[1]ケース単位集計!C293 -> 293.04 | AM11: =[1]ケース単位集計!D293 -> 291.9 | AN11: =[1]ケース単位集計!E293 -> 293.6 | AO11: =[1]ケース単位集計!G293 -> 0 | AP11: =[1]ケース単位集計!$C324 -> 292.76 | AQ11: =[1]ケース単位集計!$D324 -> 291.7 | AR11: =[1]ケース単位集計!$E324 -> 295.1 | AS11: =[1]ケース単位集計!$G324 -> 0 | AT11: =[1]ケース単位集計!$C355 -> 293.07 | AU11: =[1]ケース単位集計!$D355 -> 291.9 | AV11: =[1]ケース単位集計!$E355 -> 293.9 | AW11: =[1]ケース単位集計!$G355 -> 0 | AX11: =[1]ケース単位集計!$C387 -> 294.18 | AY11: =[1]ケース単位集計!$D387 -> 293.2 | AZ11: =[1]ケース単位集計!$E387 -> 295.2 | BA11: =[1]ケース単位集計!$G387 -> 0 | BB11: =[1]ケース単位集計!$C418 -> 293.79375 | BC11: =[1]ケース単位集計!$D418 -> 292.6 | BD11: =[1]ケース単位集計!$E418 -> 294.9 | BE11: =[1]ケース単位集計!$G418 -> 0 | BF11: =[1]ケース単位集計!$C448 -> 293.36125 | BG11: =[1]ケース単位集計!$D448 -> 292.6 | BH11: =[1]ケース単位集計!$E448 -> 294.1 | BI11: =[1]ケース単位集計!$G448 -> 0
A12: 8 | B12: =[1]ケース単位集計!C12 -> 294.44 | C12: =[1]ケース単位集計!D12 -> 294 | D12: =[1]ケース単位集計!E12 -> 295.2 | E12: =[1]ケース単位集計!G12 -> 0 | F12: =[1]ケース単位集計!C42 -> 294.56375 | G12: =[1]ケース単位集計!D42 -> 294 | H12: =[1]ケース単位集計!E42 -> 295 | I12: =[1]ケース単位集計!G42 -> 0 | J12: =[1]ケース単位集計!C73 -> 294.22125 | K12: =[1]ケース単位集計!D73 -> 293.8 | L12: =[1]ケース単位集計!E73 -> 294.9 | M12: =[1]ケース単位集計!G73 -> 0 | N12: =[1]ケース単位集計!C103 -> 295.80875 | O12: =[1]ケース単位集計!D103 -> 295.2 | P12: =[1]ケース単位集計!E103 -> 296.5 | Q12: =[1]ケース単位集計!G103 -> 0 | R12: =[1]ケース単位集計!C135 -> 292.5675 | S12: =[1]ケース単位集計!D135 -> 291.4 | T12: =[1]ケース単位集計!E135 -> 293.4 | U12: =[1]ケース単位集計!G135 -> 0 | V12: =[1]ケース単位集計!C166 -> 291.7675 | W12: =[1]ケース単位集計!D166 -> 290.8 | X12: =[1]ケース単位集計!E166 -> 292.8 | Y12: =[1]ケース単位集計!G166 -> 0 | Z12: =[1]ケース単位集計!C199 -> 294.45625 | AA12: =[1]ケース単位集計!D199 -> 292.7 | AB12: =[1]ケース単位集計!E199 -> 296.7 | AC12: =[1]ケース単位集計!G199 -> 18 | AD12: =[1]ケース単位集計!C231 -> 295.09125 | AE12: =[1]ケース単位集計!D231 -> 293.8 | AF12: =[1]ケース単位集計!E231 -> 296.3 | AG12: =[1]ケース単位集計!G231 -> 0 | AH12: =[1]ケース単位集計!C263 -> 292.76625 | AI12: =[1]ケース単位集計!D263 -> 291.9 | AJ12: =[1]ケース単位集計!E263 -> 295.4 | AK12: =[1]ケース単位集計!G263 -> 1 | AL12: =[1]ケース単位集計!C294 -> 292.8575 | AM12: =[1]ケース単位集計!D294 -> 291.8 | AN12: =[1]ケース単位集計!E294 -> 293.8 | AO12: =[1]ケース単位集計!G294 -> 0 | AP12: =[1]ケース単位集計!$C325 -> 292.75375 | AQ12: =[1]ケース単位集計!$D325 -> 291.9 | AR12: =[1]ケース単位集計!$E325 -> 293.8 | AS12: =[1]ケース単位集計!$G325 -> 0 | AT12: =[1]ケース単位集計!$C356 -> 293.105 | AU12: =[1]ケース単位集計!$D356 -> 292.1 | AV12: =[1]ケース単位集計!$E356 -> 293.7 | AW12: =[1]ケース単位集計!$G356 -> 0 | AX12: =[1]ケース単位集計!$C388 -> 294.09375 | AY12: =[1]ケース単位集計!$D388 -> 293.2 | AZ12: =[1]ケース単位集計!$E388 -> 295.2 | BA12: =[1]ケース単位集計!$G388 -> 0 | BB12: =[1]ケース単位集計!$C419 -> 293.96125 | BC12: =[1]ケース単位集計!$D419 -> 292.7 | BD12: =[1]ケース単位集計!$E419 -> 294.8 | BE12: =[1]ケース単位集計!$G419 -> 0 | BF12: =[1]ケース単位集計!$C449 -> 293.24625 | BG12: =[1]ケース単位集計!$D449 -> 292.4 | BH12: =[1]ケース単位集計!$E449 -> 294 | BI12: =[1]ケース単位集計!$G449 -> 0
A13: 9 | B13: =[1]ケース単位集計!C13 -> 294.45125 | C13: =[1]ケース単位集計!D13 -> 293.9 | D13: =[1]ケース単位集計!E13 -> 295.2 | E13: =[1]ケース単位集計!G13 -> 0 | F13: =[1]ケース単位集計!C43 -> 294.57125 | G13: =[1]ケース単位集計!D43 -> 293.9 | H13: =[1]ケース単位集計!E43 -> 295.7 | I13: =[1]ケース単位集計!G43 -> 0 | J13: =[1]ケース単位集計!C74 -> 294.01875 | K13: =[1]ケース単位集計!D74 -> 293.4 | L13: =[1]ケース単位集計!E74 -> 294.4 | M13: =[1]ケース単位集計!G74 -> 0 | N13: =[1]ケース単位集計!C104 -> 295.52125 | O13: =[1]ケース単位集計!D104 -> 294.7 | P13: =[1]ケース単位集計!E104 -> 296.2 | Q13: =[1]ケース単位集計!G104 -> 0 | R13: =[1]ケース単位集計!C136 -> 292.4625 | S13: =[1]ケース単位集計!D136 -> 291.4 | T13: =[1]ケース単位集計!E136 -> 293.8 | U13: =[1]ケース単位集計!G136 -> 0 | V13: =[1]ケース単位集計!C167 -> 291.68 | W13: =[1]ケース単位集計!D167 -> 290.5 | X13: =[1]ケース単位集計!E167 -> 292.9 | Y13: =[1]ケース単位集計!G167 -> 3 | Z13: =[1]ケース単位集計!C200 -> 294.40375 | AA13: =[1]ケース単位集計!D200 -> 292.4 | AB13: =[1]ケース単位集計!E200 -> 296.4 | AC13: =[1]ケース単位集計!G200 -> 23 | AD13: =[1]ケース単位集計!C232 -> 295.06375 | AE13: =[1]ケース単位集計!D232 -> 292.5 | AF13: =[1]ケース単位集計!E232 -> 296.4 | AG13: =[1]ケース単位集計!G232 -> 3 | AH13: =[1]ケース単位集計!C264 -> 292.53375 | AI13: =[1]ケース単位集計!D264 -> 291.7 | AJ13: =[1]ケース単位集計!E264 -> 293.6 | AK13: =[1]ケース単位集計!G264 -> 0 | AL13: =[1]ケース単位集計!C295 -> 293.22625 | AM13: =[1]ケース単位集計!D295 -> 291.7 | AN13: =[1]ケース単位集計!E295 -> 295.5 | AO13: =[1]ケース単位集計!G295 -> 15 | AP13: =[1]ケース単位集計!$C326 -> 292.88375 | AQ13: =[1]ケース単位集計!$D326 -> 291.8 | AR13: =[1]ケース単位集計!$E326 -> 294.5 | AS13: =[1]ケース単位集計!$G326 -> 0 | AT13: =[1]ケース単位集計!$C357 -> 293.14125 | AU13: =[1]ケース単位集計!$D357 -> 292.5 | AV13: =[1]ケース単位集計!$E357 -> 293.7 | AW13: =[1]ケース単位集計!$G357 -> 0 | AX13: =[1]ケース単位集計!$C389 -> 294.045 | AY13: =[1]ケース単位集計!$D389 -> 292.9 | AZ13: =[1]ケース単位集計!$E389 -> 295.2 | BA13: =[1]ケース単位集計!$G389 -> 0 | BB13: =[1]ケース単位集計!$C420 -> 293.96 | BC13: =[1]ケース単位集計!$D420 -> 293 | BD13: =[1]ケース単位集計!$E420 -> 294.9 | BE13: =[1]ケース単位集計!$G420 -> 0 | BF13: =[1]ケース単位集計!$C450 -> 293.21875 | BG13: =[1]ケース単位集計!$D450 -> 292.6 | BH13: =[1]ケース単位集計!$E450 -> 294.1 | BI13: =[1]ケース単位集計!$G450 -> 0
A14: 10 | B14: =[1]ケース単位集計!C14 -> 294.43375 | C14: =[1]ケース単位集計!D14 -> 293.8 | D14: =[1]ケース単位集計!E14 -> 295.2 | E14: =[1]ケース単位集計!G14 -> 0 | F14: =[1]ケース単位集計!C44 -> 294.505 | G14: =[1]ケース単位集計!D44 -> 293.9 | H14: =[1]ケース単位集計!E44 -> 295.8 | I14: =[1]ケース単位集計!G44 -> 0 | J14: =[1]ケース単位集計!C75 -> 293.97 | K14: =[1]ケース単位集計!D75 -> 293.3 | L14: =[1]ケース単位集計!E75 -> 294.6 | M14: =[1]ケース単位集計!G75 -> 0 | N14: =[1]ケース単位集計!C105 -> 295.67 | O14: =[1]ケース単位集計!D105 -> 295 | P14: =[1]ケース単位集計!E105 -> 296.6 | Q14: =[1]ケース単位集計!G105 -> 0 | R14: =[1]ケース単位集計!C137 -> 292.4 | S14: =[1]ケース単位集計!D137 -> 291.4 | T14: =[1]ケース単位集計!E137 -> 293.4 | U14: =[1]ケース単位集計!G137 -> 0 | V14: =[1]ケース単位集計!C168 -> 291.84 | W14: =[1]ケース単位集計!D168 -> 290.6 | X14: =[1]ケース単位集計!E168 -> 293.2 | Y14: =[1]ケース単位集計!G168 -> 2 | Z14: =[1]ケース単位集計!C201 -> 294.40875 | AA14: =[1]ケース単位集計!D201 -> 292.7 | AB14: =[1]ケース単位集計!E201 -> 296.4 | AC14: =[1]ケース単位集計!G201 -> 11 | AD14: =[1]ケース単位集計!C233 -> 294.925 | AE14: =[1]ケース単位集計!D233 -> 292.8 | AF14: =[1]ケース単位集計!E233 -> 296.4 | AG14: =[1]ケース単位集計!G233 -> 6 | AH14: =[1]ケース単位集計!C265 -> 292.5525 | AI14: =[1]ケース単位集計!D265 -> 291.2 | AJ14: =[1]ケース単位集計!E265 -> 293.5 | AK14: =[1]ケース単位集計!G265 -> 6 | AL14: =[1]ケース単位集計!$C296 -> 293.80625 | AM14: =[1]ケース単位集計!$D296 -> 292 | AN14: =[1]ケース単位集計!$E296 -> 295.3 | AO14: =[1]ケース単位集計!$G296 -> 18 | AP14: =[1]ケース単位集計!$C327 -> 293.48875 | AQ14: =[1]ケース単位集計!$D327 -> 291.9 | AR14: =[1]ケース単位集計!$E327 -> 294.9 | AS14: =[1]ケース単位集計!$G327 -> 0 | AT14: =[1]ケース単位集計!$C358 -> 292.99875 | AU14: =[1]ケース単位集計!$D358 -> 292 | AV14: =[1]ケース単位集計!$E358 -> 294.6 | AW14: =[1]ケース単位集計!$G358 -> 1 | AX14: =[1]ケース単位集計!$C390 -> 294.22125 | AY14: =[1]ケース単位集計!$D390 -> 292.8 | AZ14: =[1]ケース単位集計!$E390 -> 295.7 | BA14: =[1]ケース単位集計!$G390 -> 5 | BB14: =[1]ケース単位集計!$C421 -> 293.68125 | BC14: =[1]ケース単位集計!$D421 -> 292.6 | BD14: =[1]ケース単位集計!$E421 -> 294.6 | BE14: =[1]ケース単位集計!$G421 -> 0 | BF14: =[1]ケース単位集計!$C451 -> 293.2975 | BG14: =[1]ケース単位集計!$D451 -> 292.6 | BH14: =[1]ケース単位集計!$E451 -> 293.9 | BI14: =[1]ケース単位集計!$G451 -> 0
A15: 11 | B15: =[1]ケース単位集計!C15 -> 294.3925 | C15: =[1]ケース単位集計!D15 -> 293.8 | D15: =[1]ケース単位集計!E15 -> 295 | E15: =[1]ケース単位集計!G15 -> 0 | F15: =[1]ケース単位集計!C45 -> 294.38125 | G15: =[1]ケース単位集計!D45 -> 293.8 | H15: =[1]ケース単位集計!E45 -> 294.8 | I15: =[1]ケース単位集計!G45 -> 0 | J15: =[1]ケース単位集計!C76 -> 294.385 | K15: =[1]ケース単位集計!D76 -> 293.7 | L15: =[1]ケース単位集計!E76 -> 295 | M15: =[1]ケース単位集計!G76 -> 0 | N15: =[1]ケース単位集計!C106 -> 295.8875 | O15: =[1]ケース単位集計!D106 -> 295.3 | P15: =[1]ケース単位集計!E106 -> 296.8 | Q15: =[1]ケース単位集計!G106 -> 0 | R15: =[1]ケース単位集計!C138 -> 292.62375 | S15: =[1]ケース単位集計!D138 -> 291.4 | T15: =[1]ケース単位集計!E138 -> 294.1 | U15: =[1]ケース単位集計!G138 -> 1 | V15: =[1]ケース単位集計!C169 -> 292.16875 | W15: =[1]ケース単位集計!D169 -> 291 | X15: =[1]ケース単位集計!E169 -> 293.5 | Y15: =[1]ケース単位集計!G169 -> 0 | Z15: =[1]ケース単位集計!C202 -> 294.2775 | AA15: =[1]ケース単位集計!D202 -> 292.2 | AB15: =[1]ケース単位集計!E202 -> 296.7 | AC15: =[1]ケース単位集計!G202 -> 1 | AD15: =[1]ケース単位集計!C234 -> 295.18875 | AE15: =[1]ケース単位集計!D234 -> 292.7 | AF15: =[1]ケース単位集計!E234 -> 296.5 | AG15: =[1]ケース単位集計!G234 -> 2 | AH15: =[1]ケース単位集計!C266 -> 292.62 | AI15: =[1]ケース単位集計!D266 -> 291.3 | AJ15: =[1]ケース単位集計!E266 -> 293.3 | AK15: =[1]ケース単位集計!G266 -> 6 | AL15: =[1]ケース単位集計!C297 -> 294.035 | AM15: =[1]ケース単位集計!D297 -> 291.9 | AN15: =[1]ケース単位集計!E297 -> 295.3 | AO15: =[1]ケース単位集計!G297 -> 5 | AP15: =[1]ケース単位集計!$C328 -> 292.99375 | AQ15: =[1]ケース単位集計!$D328 -> 291.6 | AR15: =[1]ケース単位集計!$E328 -> 295.1 | AS15: =[1]ケース単位集計!$G328 -> 0 | AT15: =[1]ケース単位集計!$C359 -> 292.99 | AU15: =[1]ケース単位集計!$D359 -> 291.9 | AV15: =[1]ケース単位集計!$E359 -> 293.7 | AW15: =[1]ケース単位集計!$G359 -> 0 | AX15: =[1]ケース単位集計!$C391 -> 294.2025 | AY15: =[1]ケース単位集計!$D391 -> 293.1 | AZ15: =[1]ケース単位集計!$E391 -> 295.4 | BA15: =[1]ケース単位集計!$G391 -> 1 | BB15: =[1]ケース単位集計!$C422 -> 293.81625 | BC15: =[1]ケース単位集計!$D422 -> 292.7 | BD15: =[1]ケース単位集計!$E422 -> 294.7 | BE15: =[1]ケース単位集計!$G422 -> 0 | BF15: =[1]ケース単位集計!$C452 -> 293.26 | BG15: =[1]ケース単位集計!$D452 -> 292.7 | BH15: =[1]ケース単位集計!$E452 -> 294 | BI15: =[1]ケース単位集計!$G452 -> 0
A16: 12 | B16: =[1]ケース単位集計!C16 -> 294.4975 | C16: =[1]ケース単位集計!D16 -> 293.9 | D16: =[1]ケース単位集計!E16 -> 295 | E16: =[1]ケース単位集計!G16 -> 0 | F16: =[1]ケース単位集計!C46 -> 294.23375 | G16: =[1]ケース単位集計!D46 -> 293.8 | H16: =[1]ケース単位集計!E46 -> 294.7 | I16: =[1]ケース単位集計!G46 -> 0 | J16: =[1]ケース単位集計!C77 -> 294.31875 | K16: =[1]ケース単位集計!D77 -> 294 | L16: =[1]ケース単位集計!E77 -> 294.7 | M16: =[1]ケース単位集計!G77 -> 0 | N16: =[1]ケース単位集計!C107 -> 295.6625 | O16: =[1]ケース単位集計!D107 -> 294.8 | P16: =[1]ケース単位集計!E107 -> 296.3 | Q16: =[1]ケース単位集計!G107 -> 0 | R16: =[1]ケース単位集計!C139 -> 292.6975 | S16: =[1]ケース単位集計!D139 -> 291.8 | T16: =[1]ケース単位集計!E139 -> 293.8 | U16: =[1]ケース単位集計!G139 -> 0 | V16: =[1]ケース単位集計!C170 -> 291.93625 | W16: =[1]ケース単位集計!D170 -> 290.7 | X16: =[1]ケース単位集計!E170 -> 293 | Y16: =[1]ケース単位集計!G170 -> 0 | Z16: =[1]ケース単位集計!C203 -> 294.35625 | AA16: =[1]ケース単位集計!D203 -> 292.2 | AB16: =[1]ケース単位集計!E203 -> 296.7 | AC16: =[1]ケース単位集計!G203 -> 1 | AD16: =[1]ケース単位集計!C235 -> 295.1375 | AE16: =[1]ケース単位集計!D235 -> 292.5 | AF16: =[1]ケース単位集計!E235 -> 296.3 | AG16: =[1]ケース単位集計!G235 -> 1 | AH16: =[1]ケース単位集計!C267 -> 292.7675 | AI16: =[1]ケース単位集計!D267 -> 291.5 | AJ16: =[1]ケース単位集計!E267 -> 293.9 | AK16: =[1]ケース単位集計!G267 -> 1 | AL16: =[1]ケース単位集計!C298 -> 294.27875 | AM16: =[1]ケース単位集計!D298 -> 291.8 | AN16: =[1]ケース単位集計!E298 -> 295.3 | AO16: =[1]ケース単位集計!G298 -> 2 | AP16: =[1]ケース単位集計!$C329 -> 292.69375 | AQ16: =[1]ケース単位集計!$D329 -> 291.6 | AR16: =[1]ケース単位集計!$E329 -> 295 | AS16: =[1]ケース単位集計!$G329 -> 0 | AT16: =[1]ケース単位集計!$C360 -> 292.985 | AU16: =[1]ケース単位集計!$D360 -> 291.9 | AV16: =[1]ケース単位集計!$E360 -> 293.7 | AW16: =[1]ケース単位集計!$G360 -> 0 | AX16: =[1]ケース単位集計!$C392 -> 294.27875 | AY16: =[1]ケース単位集計!$D392 -> 293.7 | AZ16: =[1]ケース単位集計!$E392 -> 295.4 | BA16: =[1]ケース単位集計!$G392 -> 3 | BB16: =[1]ケース単位集計!$C423 -> 293.8725 | BC16: =[1]ケース単位集計!$D423 -> 292.4 | BD16: =[1]ケース単位集計!$E423 -> 294.6 | BE16: =[1]ケース単位集計!$G423 -> 0 | BF16: =[1]ケース単位集計!$C453 -> 293.5025 | BG16: =[1]ケース単位集計!$D453 -> 292.9 | BH16: =[1]ケース単位集計!$E453 -> 294 | BI16: =[1]ケース単位集計!$G453 -> 0
A17: 13 | B17: =[1]ケース単位集計!C17 -> 294.52375 | C17: =[1]ケース単位集計!D17 -> 294 | D17: =[1]ケース単位集計!E17 -> 295 | E17: =[1]ケース単位集計!G17 -> 0 | F17: =[1]ケース単位集計!C47 -> 294.1125 | G17: =[1]ケース単位集計!D47 -> 293.7 | H17: =[1]ケース単位集計!E47 -> 294.8 | I17: =[1]ケース単位集計!G47 -> 2 | J17: =[1]ケース単位集計!C78 -> 294.21 | K17: =[1]ケース単位集計!D78 -> 293.7 | L17: =[1]ケース単位集計!E78 -> 294.8 | M17: =[1]ケース単位集計!G78 -> 0 | N17: =[1]ケース単位集計!C108 -> 295.55125 | O17: =[1]ケース単位集計!D108 -> 294.7 | P17: =[1]ケース単位集計!E108 -> 296.7 | Q17: =[1]ケース単位集計!G108 -> 0 | R17: =[1]ケース単位集計!C140 -> 292.41625 | S17: =[1]ケース単位集計!D140 -> 291.6 | T17: =[1]ケース単位集計!E140 -> 293.6 | U17: =[1]ケース単位集計!G140 -> 0 | V17: =[1]ケース単位集計!C171 -> 292.02875 | W17: =[1]ケース単位集計!D171 -> 290.8 | X17: =[1]ケース単位集計!E171 -> 293.1 | Y17: =[1]ケース単位集計!G171 -> 0 | Z17: =[1]ケース単位集計!C204 -> 294.9225 | AA17: =[1]ケース単位集計!D204 -> 292.2 | AB17: =[1]ケース単位集計!E204 -> 296.6 | AC17: =[1]ケース単位集計!G204 -> 0 | AD17: =[1]ケース単位集計!C236 -> 295.07375 | AE17: =[1]ケース単位集計!D236 -> 292.8 | AF17: =[1]ケース単位集計!E236 -> 296.7 | AG17: =[1]ケース単位集計!G236 -> 4 | AH17: =[1]ケース単位集計!C268 -> 292.5075 | AI17: =[1]ケース単位集計!D268 -> 291.2 | AJ17: =[1]ケース単位集計!E268 -> 293.8 | AK17: =[1]ケース単位集計!G268 -> 6 | AL17: =[1]ケース単位集計!C299 -> 294.26625 | AM17: =[1]ケース単位集計!D299 -> 292.3 | AN17: =[1]ケース単位集計!E299 -> 295.2 | AO17: =[1]ケース単位集計!G299 -> 2 | AP17: =[1]ケース単位集計!$C330 -> 293.36375 | AQ17: =[1]ケース単位集計!$D330 -> 291.7 | AR17: =[1]ケース単位集計!$E330 -> 295.5 | AS17: =[1]ケース単位集計!$G330 -> 1 | AT17: =[1]ケース単位集計!$C361 -> 292.795 | AU17: =[1]ケース単位集計!$D361 -> 291.3 | AV17: =[1]ケース単位集計!$E361 -> 293.6 | AW17: =[1]ケース単位集計!$G361 -> 3 | AX17: =[1]ケース単位集計!$C393 -> 294.39375 | AY17: =[1]ケース単位集計!$D393 -> 293.1 | AZ17: =[1]ケース単位集計!$E393 -> 295.4 | BA17: =[1]ケース単位集計!$G393 -> 7 | BB17: =[1]ケース単位集計!$C424 -> 293.54625 | BC17: =[1]ケース単位集計!$D424 -> 292.2 | BD17: =[1]ケース単位集計!$E424 -> 294.2 | BE17: =[1]ケース単位集計!$G424 -> 1 | BF17: =[1]ケース単位集計!$C454 -> 293.4375 | BG17: =[1]ケース単位集計!$D454 -> 292.3 | BH17: =[1]ケース単位集計!$E454 -> 294.5 | BI17: =[1]ケース単位集計!$G454 -> 0
A18: 14 | B18: =[1]ケース単位集計!C18 -> 294.46 | C18: =[1]ケース単位集計!D18 -> 293.9 | D18: =[1]ケース単位集計!E18 -> 295.1 | E18: =[1]ケース単位集計!G18 -> 0 | F18: =[1]ケース単位集計!C48 -> 294.28375 | G18: =[1]ケース単位集計!D48 -> 293.8 | H18: =[1]ケース単位集計!E48 -> 294.9 | I18: =[1]ケース単位集計!G48 -> 0 | J18: =[1]ケース単位集計!C79 -> 294.385 | K18: =[1]ケース単位集計!D79 -> 294 | L18: =[1]ケース単位集計!E79 -> 294.9 | M18: =[1]ケース単位集計!G79 -> 0 | N18: =[1]ケース単位集計!C109 -> 295.41875 | O18: =[1]ケース単位集計!D109 -> 294.7 | P18: =[1]ケース単位集計!E109 -> 296.5 | Q18: =[1]ケース単位集計!G109 -> 0 | R18: =[1]ケース単位集計!C141 -> 292.92875 | S18: =[1]ケース単位集計!D141 -> 291.9 | T18: =[1]ケース単位集計!E141 -> 294.2 | U18: =[1]ケース単位集計!G141 -> 3 | V18: =[1]ケース単位集計!C172 -> 293.2525 | W18: =[1]ケース単位集計!D172 -> 290.6 | X18: =[1]ケース単位集計!E172 -> 295.6 | Y18: =[1]ケース単位集計!G172 -> 39 | Z18: =[1]ケース単位集計!C205 -> 295.18125 | AA18: =[1]ケース単位集計!D205 -> 292.5 | AB18: =[1]ケース単位集計!E205 -> 296.7 | AC18: =[1]ケース単位集計!G205 -> 1 | AD18: =[1]ケース単位集計!C237 -> 294.92 | AE18: =[1]ケース単位集計!D237 -> 292.5 | AF18: =[1]ケース単位集計!E237 -> 296.3 | AG18: =[1]ケース単位集計!G237 -> 4 | AH18: =[1]ケース単位集計!C269 -> 292.57875 | AI18: =[1]ケース単位集計!D269 -> 291.3 | AJ18: =[1]ケース単位集計!E269 -> 293.5 | AK18: =[1]ケース単位集計!G269 -> 1 | AL18: =[1]ケース単位集計!C300 -> 293.98625 | AM18: =[1]ケース単位集計!D300 -> 292.2 | AN18: =[1]ケース単位集計!E300 -> 295.3 | AO18: =[1]ケース単位集計!G300 -> 0 | AP18: =[1]ケース単位集計!$C331 -> 293.3175 | AQ18: =[1]ケース単位集計!$D331 -> 291.7 | AR18: =[1]ケース単位集計!$E331 -> 295.6 | AS18: =[1]ケース単位集計!$G331 -> 7 | AT18: =[1]ケース単位集計!$C362 -> 292.90125 | AU18: =[1]ケース単位集計!$D362 -> 291.5 | AV18: =[1]ケース単位集計!$E362 -> 293.7 | AW18: =[1]ケース単位集計!$G362 -> 1 | AX18: =[1]ケース単位集計!$C394 -> 294.46125 | AY18: =[1]ケース単位集計!$D394 -> 292.9 | AZ18: =[1]ケース単位集計!$E394 -> 295.9 | BA18: =[1]ケース単位集計!$G394 -> 1 | BB18: =[1]ケース単位集計!$C425 -> 293.5475 | BC18: =[1]ケース単位集計!$D425 -> 292.8 | BD18: =[1]ケース単位集計!$E425 -> 294.3 | BE18: =[1]ケース単位集計!$G425 -> 0 | BF18: =[1]ケース単位集計!$C455 -> 293.4375 | BG18: =[1]ケース単位集計!$D455 -> 292.8 | BH18: =[1]ケース単位集計!$E455 -> 294.3 | BI18: =[1]ケース単位集計!$G455 -> 0
A19: 15 | B19: =[1]ケース単位集計!C19 -> 294.84375 | C19: =[1]ケース単位集計!D19 -> 294.1 | D19: =[1]ケース単位集計!E19 -> 295.7 | E19: =[1]ケース単位集計!G19 -> 0 | F19: =[1]ケース単位集計!C49 -> 294.37375 | G19: =[1]ケース単位集計!D49 -> 294 | H19: =[1]ケース単位集計!E49 -> 294.8 | I19: =[1]ケース単位集計!G49 -> 0 | J19: =[1]ケース単位集計!C80 -> 294.55625 | K19: =[1]ケース単位集計!D80 -> 294.1 | L19: =[1]ケース単位集計!E80 -> 295.3 | M19: =[1]ケース単位集計!G80 -> 0 | N19: =[1]ケース単位集計!C110 -> 295.5575 | O19: =[1]ケース単位集計!D110 -> 294.8 | P19: =[1]ケース単位集計!E110 -> 296.6 | Q19: =[1]ケース単位集計!G110 -> 0 | R19: =[1]ケース単位集計!C142 -> 292.77375 | S19: =[1]ケース単位集計!D142 -> 291.9 | T19: =[1]ケース単位集計!E142 -> 294.2 | U19: =[1]ケース単位集計!G142 -> 2 | V19: =[1]ケース単位集計!C173 -> 294.4825 | W19: =[1]ケース単位集計!D173 -> 291.8 | X19: =[1]ケース単位集計!E173 -> 295.9 | Y19: =[1]ケース単位集計!G173 -> 14 | Z19: =[1]ケース単位集計!C206 -> 294.29625 | AA19: =[1]ケース単位集計!D206 -> 292.5 | AB19: =[1]ケース単位集計!E206 -> 296.4 | AC19: =[1]ケース単位集計!G206 -> 0 | AD19: =[1]ケース単位集計!C238 -> 295.0225 | AE19: =[1]ケース単位集計!D238 -> 292.4 | AF19: =[1]ケース単位集計!E238 -> 296.6 | AG19: =[1]ケース単位集計!G238 -> 7 | AH19: =[1]ケース単位集計!C270 -> 292.6175 | AI19: =[1]ケース単位集計!D270 -> 291.5 | AJ19: =[1]ケース単位集計!E270 -> 294.1 | AK19: =[1]ケース単位集計!G270 -> 0 | AL19: =[1]ケース単位集計!C301 -> 294.14625 | AM19: =[1]ケース単位集計!D301 -> 291.9 | AN19: =[1]ケース単位集計!E301 -> 295.2 | AO19: =[1]ケース単位集計!G301 -> 0 | AP19: =[1]ケース単位集計!$C332 -> 293.04 | AQ19: =[1]ケース単位集計!$D332 -> 291.6 | AR19: =[1]ケース単位集計!$E332 -> 295.8 | AS19: =[1]ケース単位集計!$G332 -> 2 | AT19: =[1]ケース単位集計!$C363 -> 292.77625 | AU19: =[1]ケース単位集計!$D363 -> 291.4 | AV19: =[1]ケース単位集計!$E363 -> 293.6 | AW19: =[1]ケース単位集計!$G363 -> 1 | AX19: =[1]ケース単位集計!$C395 -> 294.245 | AY19: =[1]ケース単位集計!$D395 -> 293.1 | AZ19: =[1]ケース単位集計!$E395 -> 295.6 | BA19: =[1]ケース単位集計!$G395 -> 0 | BB19: =[1]ケース単位集計!$C426 -> 293.60125 | BC19: =[1]ケース単位集計!$D426 -> 293 | BD19: =[1]ケース単位集計!$E426 -> 294.4 | BE19: =[1]ケース単位集計!$G426 -> 0 | BF19: =[1]ケース単位集計!$C456 -> 293.4825 | BG19: =[1]ケース単位集計!$D456 -> 292.4 | BH19: =[1]ケース単位集計!$E456 -> 294.2 | BI19: =[1]ケース単位集計!$G456 -> 0
A20: 16 | B20: =[1]ケース単位集計!C20 -> 294.86625 | C20: =[1]ケース単位集計!D20 -> 294 | D20: =[1]ケース単位集計!E20 -> 295.7 | E20: =[1]ケース単位集計!G20 -> 0 | F20: =[1]ケース単位集計!C50 -> 294.32125 | G20: =[1]ケース単位集計!D50 -> 293.8 | H20: =[1]ケース単位集計!E50 -> 294.8 | I20: =[1]ケース単位集計!G50 -> 0 | J20: =[1]ケース単位集計!C81 -> 294.48 | K20: =[1]ケース単位集計!D81 -> 293.9 | L20: =[1]ケース単位集計!E81 -> 295.2 | M20: =[1]ケース単位集計!G81 -> 0 | N20: =[1]ケース単位集計!C111 -> 295.69125 | O20: =[1]ケース単位集計!D111 -> 295 | P20: =[1]ケース単位集計!E111 -> 297.1 | Q20: =[1]ケース単位集計!G111 -> 1 | R20: =[1]ケース単位集計!C143 -> 292.705 | S20: =[1]ケース単位集計!D143 -> 291.8 | T20: =[1]ケース単位集計!E143 -> 293.8 | U20: =[1]ケース単位集計!G143 -> 0 | V20: =[1]ケース単位集計!C174 -> 294.48875 | W20: =[1]ケース単位集計!D174 -> 292.1 | X20: =[1]ケース単位集計!E174 -> 295.9 | Y20: =[1]ケース単位集計!G174 -> 7 | Z20: =[1]ケース単位集計!C207 -> 294.495 | AA20: =[1]ケース単位集計!D207 -> 293 | AB20: =[1]ケース単位集計!E207 -> 296.6 | AC20: =[1]ケース単位集計!G207 -> 0 | AD20: =[1]ケース単位集計!C239 -> 295.35125 | AE20: =[1]ケース単位集計!D239 -> 292.4 | AF20: =[1]ケース単位集計!E239 -> 296.5 | AG20: =[1]ケース単位集計!G239 -> 4 | AH20: =[1]ケース単位集計!C271 -> 292.715 | AI20: =[1]ケース単位集計!D271 -> 291.4 | AJ20: =[1]ケース単位集計!E271 -> 293.4 | AK20: =[1]ケース単位集計!G271 -> 0 | AL20: =[1]ケース単位集計!C302 -> 294.17875 | AM20: =[1]ケース単位集計!D302 -> 291.6 | AN20: =[1]ケース単位集計!E302 -> 295.3 | AO20: =[1]ケース単位集計!G302 -> 0 | AP20: =[1]ケース単位集計!$C333 -> 293.53875 | AQ20: =[1]ケース単位集計!$D333 -> 291.8 | AR20: =[1]ケース単位集計!$E333 -> 295.7 | AS20: =[1]ケース単位集計!$G333 -> 1 | AT20: =[1]ケース単位集計!$C364 -> 292.54375 | AU20: =[1]ケース単位集計!$D364 -> 291.3 | AV20: =[1]ケース単位集計!$E364 -> 293.5 | AW20: =[1]ケース単位集計!$G364 -> 4 | AX20: =[1]ケース単位集計!$C396 -> 294.55 | AY20: =[1]ケース単位集計!$D396 -> 293.2 | AZ20: =[1]ケース単位集計!$E396 -> 295.7 | BA20: =[1]ケース単位集計!$G396 -> 2 | BB20: =[1]ケース単位集計!$C427 -> 293.60375 | BC20: =[1]ケース単位集計!$D427 -> 292.4 | BD20: =[1]ケース単位集計!$E427 -> 294.4 | BE20: =[1]ケース単位集計!$G427 -> 0 | BF20: =[1]ケース単位集計!$C457 -> 293.26875 | BG20: =[1]ケース単位集計!$D457 -> 292.4 | BH20: =[1]ケース単位集計!$E457 -> 295 | BI20: =[1]ケース単位集計!$G457 -> 0
A21: 17 | B21: =[1]ケース単位集計!C21 -> 294.83625 | C21: =[1]ケース単位集計!D21 -> 294 | D21: =[1]ケース単位集計!E21 -> 295.5 | E21: =[1]ケース単位集計!G21 -> 0 | F21: =[1]ケース単位集計!C51 -> 294.18 | G21: =[1]ケース単位集計!D51 -> 293.7 | H21: =[1]ケース単位集計!E51 -> 294.7 | I21: =[1]ケース単位集計!G51 -> 3 | J21: =[1]ケース単位集計!C82 -> 294.27125 | K21: =[1]ケース単位集計!D82 -> 293.9 | L21: =[1]ケース単位集計!E82 -> 294.6 | M21: =[1]ケース単位集計!G82 -> 0 | N21: =[1]ケース単位集計!C112 -> 295.56875 | O21: =[1]ケース単位集計!D112 -> 295 | P21: =[1]ケース単位集計!E112 -> 296.3 | Q21: =[1]ケース単位集計!G112 -> 0 | R21: =[1]ケース単位集計!C144 -> 292.51375 | S21: =[1]ケース単位集計!D144 -> 291.6 | T21: =[1]ケース単位集計!E144 -> 293.7 | U21: =[1]ケース単位集計!G144 -> 0 | V21: =[1]ケース単位集計!C175 -> 294.48125 | W21: =[1]ケース単位集計!D175 -> 292.7 | X21: =[1]ケース単位集計!E175 -> 295.9 | Y21: =[1]ケース単位集計!G175 -> 4 | Z21: =[1]ケース単位集計!C208 -> 294.3625 | AA21: =[1]ケース単位集計!D208 -> 292.9 | AB21: =[1]ケース単位集計!E208 -> 296.2 | AC21: =[1]ケース単位集計!G208 -> 0 | AD21: =[1]ケース単位集計!C240 -> 295.1725 | AE21: =[1]ケース単位集計!D240 -> 292.4 | AF21: =[1]ケース単位集計!E240 -> 296.5 | AG21: =[1]ケース単位集計!G240 -> 2 | AH21: =[1]ケース単位集計!C272 -> 292.5975 | AI21: =[1]ケース単位集計!D272 -> 291.1 | AJ21: =[1]ケース単位集計!E272 -> 293.5 | AK21: =[1]ケース単位集計!G272 -> 2 | AL21: =[1]ケース単位集計!C303 -> 294.27625 | AM21: =[1]ケース単位集計!D303 -> 292.7 | AN21: =[1]ケース単位集計!E303 -> 295.1 | AO21: =[1]ケース単位集計!G303 -> 0 | AP21: =[1]ケース単位集計!$C334 -> 293.21875 | AQ21: =[1]ケース単位集計!$D334 -> 291.5 | AR21: =[1]ケース単位集計!$E334 -> 296.1 | AS21: =[1]ケース単位集計!$G334 -> 2 | AT21: =[1]ケース単位集計!$C365 -> 292.38125 | AU21: =[1]ケース単位集計!$D365 -> 291.2 | AV21: =[1]ケース単位集計!$E365 -> 293.2 | AW21: =[1]ケース単位集計!$G365 -> 6 | AX21: =[1]ケース単位集計!$C397 -> 294.28875 | AY21: =[1]ケース単位集計!$D397 -> 292.9 | AZ21: =[1]ケース単位集計!$E397 -> 295.7 | BA21: =[1]ケース単位集計!$G397 -> 1 | BB21: =[1]ケース単位集計!$C428 -> 293.57125 | BC21: =[1]ケース単位集計!$D428 -> 292.5 | BD21: =[1]ケース単位集計!$E428 -> 294.3 | BE21: =[1]ケース単位集計!$G428 -> 0 | BF21: =[1]ケース単位集計!$C458 -> 294.16875 | BG21: =[1]ケース単位集計!$D458 -> 292.6 | BH21: =[1]ケース単位集計!$E458 -> 295.1 | BI21: =[1]ケース単位集計!$G458 -> 1
A22: 18 | B22: =[1]ケース単位集計!C22 -> 294.79875 | C22: =[1]ケース単位集計!D22 -> 294 | D22: =[1]ケース単位集計!E22 -> 295.6 | E22: =[1]ケース単位集計!G22 -> 0 | F22: =[1]ケース単位集計!C52 -> 294.11875 | G22: =[1]ケース単位集計!D52 -> 293.6 | H22: =[1]ケース単位集計!E52 -> 294.6 | I22: =[1]ケース単位集計!G52 -> 5 | J22: =[1]ケース単位集計!C83 -> 294.2 | K22: =[1]ケース単位集計!D83 -> 293.7 | L22: =[1]ケース単位集計!E83 -> 294.6 | M22: =[1]ケース単位集計!G83 -> 0 | N22: =[1]ケース単位集計!C113 -> 295.485 | O22: =[1]ケース単位集計!D113 -> 294.6 | P22: =[1]ケース単位集計!E113 -> 296.3 | Q22: =[1]ケース単位集計!G113 -> 0 | R22: =[1]ケース単位集計!C145 -> 292.4525 | S22: =[1]ケース単位集計!D145 -> 291.5 | T22: =[1]ケース単位集計!E145 -> 293.5 | U22: =[1]ケース単位集計!G145 -> 0 | V22: =[1]ケース単位集計!C176 -> 294.1675 | W22: =[1]ケース単位集計!D176 -> 292 | X22: =[1]ケース単位集計!E176 -> 295.3 | Y22: =[1]ケース単位集計!G176 -> 2 | Z22: =[1]ケース単位集計!C209 -> 294.25 | AA22: =[1]ケース単位集計!D209 -> 292.3 | AB22: =[1]ケース単位集計!E209 -> 296.3 | AC22: =[1]ケース単位集計!G209 -> 0 | AD22: =[1]ケース単位集計!C241 -> 294.725 | AE22: =[1]ケース単位集計!D241 -> 292.2 | AF22: =[1]ケース単位集計!E241 -> 296.1 | AG22: =[1]ケース単位集計!G241 -> 3 | AH22: =[1]ケース単位集計!C273 -> 292.6675 | AI22: =[1]ケース単位集計!D273 -> 291.4 | AJ22: =[1]ケース単位集計!E273 -> 293.5 | AK22: =[1]ケース単位集計!G273 -> 0 | AL22: =[1]ケース単位集計!C304 -> 294.46625 | AM22: =[1]ケース単位集計!D304 -> 292.3 | AN22: =[1]ケース単位集計!E304 -> 295.3 | AO22: =[1]ケース単位集計!G304 -> 0 | AP22: =[1]ケース単位集計!$C335 -> 292.88875 | AQ22: =[1]ケース単位集計!$D335 -> 291.6 | AR22: =[1]ケース単位集計!$E335 -> 295.4 | AS22: =[1]ケース単位集計!$G335 -> 0 | AT22: =[1]ケース単位集計!$C366 -> 292.585 | AU22: =[1]ケース単位集計!$D366 -> 291.5 | AV22: =[1]ケース単位集計!$E366 -> 293.7 | AW22: =[1]ケース単位集計!$G366 -> 0 | AX22: =[1]ケース単位集計!$C398 -> 294.11625 | AY22: =[1]ケース単位集計!$D398 -> 293 | AZ22: =[1]ケース単位集計!$E398 -> 295.3 | BA22: =[1]ケース単位集計!$G398 -> 0 | BB22: =[1]ケース単位集計!$C429 -> 293.49375 | BC22: =[1]ケース単位集計!$D429 -> 292.8 | BD22: =[1]ケース単位集計!$E429 -> 294.2 | BE22: =[1]ケース単位集計!$G429 -> 0 | BF22: =[1]ケース単位集計!$C459 -> 294.3925 | BG22: =[1]ケース単位集計!$D459 -> 292.8 | BH22: =[1]ケース単位集計!$E459 -> 295.4 | BI22: =[1]ケース単位集計!$G459 -> 6
A23: 19 | B23: =[1]ケース単位集計!C23 -> 294.545 | C23: =[1]ケース単位集計!D23 -> 294 | D23: =[1]ケース単位集計!E23 -> 295.6 | E23: =[1]ケース単位集計!G23 -> 0 | F23: =[1]ケース単位集計!C53 -> 294.105 | G23: =[1]ケース単位集計!D53 -> 293.5 | H23: =[1]ケース単位集計!E53 -> 294.6 | I23: =[1]ケース単位集計!G53 -> 12 | J23: =[1]ケース単位集計!C84 -> 294.325 | K23: =[1]ケース単位集計!D84 -> 293.6 | L23: =[1]ケース単位集計!E84 -> 294.9 | M23: =[1]ケース単位集計!G84 -> 0 | N23: =[1]ケース単位集計!C114 -> 295.33125 | O23: =[1]ケース単位集計!D114 -> 294.8 | P23: =[1]ケース単位集計!E114 -> 296 | Q23: =[1]ケース単位集計!G114 -> 0 | R23: =[1]ケース単位集計!C146 -> 292.355 | S23: =[1]ケース単位集計!D146 -> 291.2 | T23: =[1]ケース単位集計!E146 -> 293.5 | U23: =[1]ケース単位集計!G146 -> 0 | V23: =[1]ケース単位集計!C177 -> 294.5425 | W23: =[1]ケース単位集計!D177 -> 293.4 | X23: =[1]ケース単位集計!E177 -> 295.9 | Y23: =[1]ケース単位集計!G177 -> 2 | Z23: =[1]ケース単位集計!C210 -> 294.34375 | AA23: =[1]ケース単位集計!D210 -> 291.4 | AB23: =[1]ケース単位集計!E210 -> 296.8 | AC23: =[1]ケース単位集計!G210 -> 2 | AD23: =[1]ケース単位集計!C242 -> 293.8075 | AE23: =[1]ケース単位集計!D242 -> 292.3 | AF23: =[1]ケース単位集計!E242 -> 296.8 | AG23: =[1]ケース単位集計!G242 -> 5 | AH23: =[1]ケース単位集計!C274 -> 292.4775 | AI23: =[1]ケース単位集計!D274 -> 291.4 | AJ23: =[1]ケース単位集計!E274 -> 293.3 | AK23: =[1]ケース単位集計!G274 -> 0 | AL23: =[1]ケース単位集計!C305 -> 294.30875 | AM23: =[1]ケース単位集計!D305 -> 293.6 | AN23: =[1]ケース単位集計!E305 -> 295.3 | AO23: =[1]ケース単位集計!G305 -> 0 | AP23: =[1]ケース単位集計!$C336 -> 292.99125 | AQ23: =[1]ケース単位集計!$D336 -> 291.8 | AR23: =[1]ケース単位集計!$E336 -> 294.7 | AS23: =[1]ケース単位集計!$G336 -> 0 | AT23: =[1]ケース単位集計!$C367 -> 292.85875 | AU23: =[1]ケース単位集計!$D367 -> 291.7 | AV23: =[1]ケース単位集計!$E367 -> 293.6 | AW23: =[1]ケース単位集計!$G367 -> 0 | AX23: =[1]ケース単位集計!$C399 -> 293.7275 | AY23: =[1]ケース単位集計!$D399 -> 292.5 | AZ23: =[1]ケース単位集計!$E399 -> 295.4 | BA23: =[1]ケース単位集計!$G399 -> 6 | BB23: =[1]ケース単位集計!$C430 -> 293.46625 | BC23: =[1]ケース単位集計!$D430 -> 292.1 | BD23: =[1]ケース単位集計!$E430 -> 293.9 | BE23: =[1]ケース単位集計!$G430 -> 1 | BF23: =[1]ケース単位集計!$C460 -> 294.3925 | BG23: =[1]ケース単位集計!$D460 -> 292.7 | BH23: =[1]ケース単位集計!$E460 -> 295.2 | BI23: =[1]ケース単位集計!$G460 -> 3
A24: 20 | B24: =[1]ケース単位集計!C24 -> 294.48375 | C24: =[1]ケース単位集計!D24 -> 294 | D24: =[1]ケース単位集計!E24 -> 295.3 | E24: =[1]ケース単位集計!G24 -> 0 | F24: =[1]ケース単位集計!C54 -> 294.54875 | G24: =[1]ケース単位集計!D54 -> 293.7 | H24: =[1]ケース単位集計!E54 -> 295 | I24: =[1]ケース単位集計!G54 -> 1 | J24: =[1]ケース単位集計!C85 -> 294.57375 | K24: =[1]ケース単位集計!D85 -> 294 | L24: =[1]ケース単位集計!E85 -> 295.1 | M24: =[1]ケース単位集計!G85 -> 0 | N24: =[1]ケース単位集計!C115 -> 295.585 | O24: =[1]ケース単位集計!D115 -> 294.9 | P24: =[1]ケース単位集計!E115 -> 296.5 | Q24: =[1]ケース単位集計!G115 -> 0 | R24: =[1]ケース単位集計!C147 -> 292.33625 | S24: =[1]ケース単位集計!D147 -> 291.5 | T24: =[1]ケース単位集計!E147 -> 293.5 | U24: =[1]ケース単位集計!G147 -> 0 | V24: =[1]ケース単位集計!C178 -> 294.4125 | W24: =[1]ケース単位集計!D178 -> 292.6 | X24: =[1]ケース単位集計!E178 -> 295.7 | Y24: =[1]ケース単位集計!G178 -> 5 | Z24: =[1]ケース単位集計!C211 -> 294.24875 | AA24: =[1]ケース単位集計!D211 -> 291.7 | AB24: =[1]ケース単位集計!E211 -> 296.4 | AC24: =[1]ケース単位集計!G211 -> 1 | AD24: =[1]ケース単位集計!C243 -> 295.26875 | AE24: =[1]ケース単位集計!D243 -> 292.5 | AF24: =[1]ケース単位集計!E243 -> 296.6 | AG24: =[1]ケース単位集計!G243 -> 1 | AH24: =[1]ケース単位集計!C275 -> 292.52375 | AI24: =[1]ケース単位集計!D275 -> 291.4 | AJ24: =[1]ケース単位集計!E275 -> 293.6 | AK24: =[1]ケース単位集計!G275 -> 0 | AL24: =[1]ケース単位集計!C306 -> 294.37 | AM24: =[1]ケース単位集計!D306 -> 293.5 | AN24: =[1]ケース単位集計!E306 -> 294.9 | AO24: =[1]ケース単位集計!G306 -> 0 | AP24: =[1]ケース単位集計!$C337 -> 293.13125 | AQ24: =[1]ケース単位集計!$D337 -> 291.9 | AR24: =[1]ケース単位集計!$E337 -> 296.1 | AS24: =[1]ケース単位集計!$G337 -> 1 | AT24: =[1]ケース単位集計!$C368 -> 292.8775 | AU24: =[1]ケース単位集計!$D368 -> 291.9 | AV24: =[1]ケース単位集計!$E368 -> 293.8 | AW24: =[1]ケース単位集計!$G368 -> 0 | AX24: =[1]ケース単位集計!$C400 -> 293.9075 | AY24: =[1]ケース単位集計!$D400 -> 292.7 | AZ24: =[1]ケース単位集計!$E400 -> 295.5 | BA24: =[1]ケース単位集計!$G400 -> 1 | BB24: =[1]ケース単位集計!$C431 -> 293.53625 | BC24: =[1]ケース単位集計!$D431 -> 292.9 | BD24: =[1]ケース単位集計!$E431 -> 294.2 | BE24: =[1]ケース単位集計!$G431 -> 0 | BF24: =[1]ケース単位集計!$C461 -> 294.36 | BG24: =[1]ケース単位集計!$D461 -> 292.8 | BH24: =[1]ケース単位集計!$E461 -> 295.2 | BI24: =[1]ケース単位集計!$G461 -> 2
A25: 21 | B25: =[1]ケース単位集計!C25 -> 294.96125 | C25: =[1]ケース単位集計!D25 -> 294.2 | D25: =[1]ケース単位集計!E25 -> 295.5 | E25: =[1]ケース単位集計!G25 -> 0 | F25: =[1]ケース単位集計!C55 -> 294.54875 | G25: =[1]ケース単位集計!D55 -> 294.1 | H25: =[1]ケース単位集計!E55 -> 295.1 | I25: =[1]ケース単位集計!G55 -> 0 | J25: =[1]ケース単位集計!C86 -> 294.46 | K25: =[1]ケース単位集計!D86 -> 294 | L25: =[1]ケース単位集計!E86 -> 295 | M25: =[1]ケース単位集計!G86 -> 0 | N25: =[1]ケース単位集計!C116 -> 295.57875 | O25: =[1]ケース単位集計!D116 -> 294.8 | P25: =[1]ケース単位集計!E116 -> 296.4 | Q25: =[1]ケース単位集計!G116 -> 0 | R25: =[1]ケース単位集計!C148 -> 292.17875 | S25: =[1]ケース単位集計!D148 -> 291.4 | T25: =[1]ケース単位集計!E148 -> 293.3 | U25: =[1]ケース単位集計!G148 -> 0 | V25: =[1]ケース単位集計!C179 -> 294.25125 | W25: =[1]ケース単位集計!D179 -> 292.5 | X25: =[1]ケース単位集計!E179 -> 295.5 | Y25: =[1]ケース単位集計!G179 -> 1 | Z25: =[1]ケース単位集計!C212 -> 294.145 | AA25: =[1]ケース単位集計!D212 -> 291.5 | AB25: =[1]ケース単位集計!E212 -> 297.2 | AC25: =[1]ケース単位集計!G212 -> 4 | AD25: =[1]ケース単位集計!C244 -> 295.515 | AE25: =[1]ケース単位集計!D244 -> 293.7 | AF25: =[1]ケース単位集計!E244 -> 296.9 | AG25: =[1]ケース単位集計!G244 -> 6 | AH25: =[1]ケース単位集計!C276 -> 292.4375 | AI25: =[1]ケース単位集計!D276 -> 291.4 | AJ25: =[1]ケース単位集計!E276 -> 293.4 | AK25: =[1]ケース単位集計!G276 -> 0 | AL25: =[1]ケース単位集計!C307 -> 294.29875 | AM25: =[1]ケース単位集計!D307 -> 293.2 | AN25: =[1]ケース単位集計!E307 -> 294.9 | AO25: =[1]ケース単位集計!G307 -> 0 | AP25: =[1]ケース単位集計!$C338 -> 292.9475 | AQ25: =[1]ケース単位集計!$D338 -> 291.8 | AR25: =[1]ケース単位集計!$E338 -> 295.4 | AS25: =[1]ケース単位集計!$G338 -> 0 | AT25: =[1]ケース単位集計!$C369 -> 292.6075 | AU25: =[1]ケース単位集計!$D369 -> 291.5 | AV25: =[1]ケース単位集計!$E369 -> 293.5 | AW25: =[1]ケース単位集計!$G369 -> 0 | AX25: =[1]ケース単位集計!$C401 -> 293.73125 | AY25: =[1]ケース単位集計!$D401 -> 292.4 | AZ25: =[1]ケース単位集計!$E401 -> 295.3 | BA25: =[1]ケース単位集計!$G401 -> 3 | BB25: =[1]ケース単位集計!$C432 -> 293.57125 | BC25: =[1]ケース単位集計!$D432 -> 292.6 | BD25: =[1]ケース単位集計!$E432 -> 294.6 | BE25: =[1]ケース単位集計!$G432 -> 0 | BF25: =[1]ケース単位集計!$C462 -> 294.385 | BG25: =[1]ケース単位集計!$D462 -> 292.5 | BH25: =[1]ケース単位集計!$E462 -> 295.5 | BI25: =[1]ケース単位集計!$G462 -> 4
A26: 22 | B26: =[1]ケース単位集計!C26 -> 294.99 | C26: =[1]ケース単位集計!D26 -> 294.3 | D26: =[1]ケース単位集計!E26 -> 295.5 | E26: =[1]ケース単位集計!G26 -> 0 | F26: =[1]ケース単位集計!C56 -> 294.57125 | G26: =[1]ケース単位集計!D56 -> 293.9 | H26: =[1]ケース単位集計!E56 -> 296.3 | I26: =[1]ケース単位集計!G56 -> 0 | J26: =[1]ケース単位集計!C87 -> 294.49875 | K26: =[1]ケース単位集計!D87 -> 294 | L26: =[1]ケース単位集計!E87 -> 295 | M26: =[1]ケース単位集計!G87 -> 0 | N26: =[1]ケース単位集計!C117 -> 295.655 | O26: =[1]ケース単位集計!D117 -> 295.1 | P26: =[1]ケース単位集計!E117 -> 296.4 | Q26: =[1]ケース単位集計!G117 -> 0 | R26: =[1]ケース単位集計!C149 -> 292.385 | S26: =[1]ケース単位集計!D149 -> 291.3 | T26: =[1]ケース単位集計!E149 -> 293.7 | U26: =[1]ケース単位集計!G149 -> 0 | V26: =[1]ケース単位集計!C180 -> 294.2675 | W26: =[1]ケース単位集計!D180 -> 292.3 | X26: =[1]ケース単位集計!E180 -> 295.6 | Y26: =[1]ケース単位集計!G180 -> 3 | Z26: =[1]ケース単位集計!C213 -> 294.0575 | AA26: =[1]ケース単位集計!D213 -> 292.7 | AB26: =[1]ケース単位集計!E213 -> 296.4 | AC26: =[1]ケース単位集計!G213 -> 0 | AD26: =[1]ケース単位集計!C245 -> 295.47 | AE26: =[1]ケース単位集計!D245 -> 293.3 | AF26: =[1]ケース単位集計!E245 -> 296.6 | AG26: =[1]ケース単位集計!G245 -> 0 | AH26: =[1]ケース単位集計!C277 -> 292.39875 | AI26: =[1]ケース単位集計!D277 -> 291.1 | AJ26: =[1]ケース単位集計!E277 -> 293.6 | AK26: =[1]ケース単位集計!G277 -> 3 | AL26: =[1]ケース単位集計!C308 -> 294.105 | AM26: =[1]ケース単位集計!D308 -> 292.5 | AN26: =[1]ケース単位集計!E308 -> 294.9 | AO26: =[1]ケース単位集計!G308 -> 0 | AP26: =[1]ケース単位集計!$C339 -> 293.0275 | AQ26: =[1]ケース単位集計!$D339 -> 292.3 | AR26: =[1]ケース単位集計!$E339 -> 294.5 | AS26: =[1]ケース単位集計!$G339 -> 0 | AT26: =[1]ケース単位集計!$C370 -> 292.7825 | AU26: =[1]ケース単位集計!$D370 -> 291.7 | AV26: =[1]ケース単位集計!$E370 -> 293.3 | AW26: =[1]ケース単位集計!$G370 -> 0 | AX26: =[1]ケース単位集計!$C402 -> 293.46125 | AY26: =[1]ケース単位集計!$D402 -> 292.5 | AZ26: =[1]ケース単位集計!$E402 -> 294.9 | BA26: =[1]ケース単位集計!$G402 -> 0 | BB26: =[1]ケース単位集計!$C433 -> 293.49125 | BC26: =[1]ケース単位集計!$D433 -> 292.7 | BD26: =[1]ケース単位集計!$E433 -> 294.1 | BE26: =[1]ケース単位集計!$G433 -> 0 | BF26: =[1]ケース単位集計!$C463 -> 294.665 | BG26: =[1]ケース単位集計!$D463 -> 292.7 | BH26: =[1]ケース単位集計!$E463 -> 295.6 | BI26: =[1]ケース単位集計!$G463 -> 2
... A34: 30 | B34: =[1]ケース単位集計!C34 -> 295.1275 | C34: =[1]ケース単位集計!D34 -> 294.4 | D34: =[1]ケース単位集計!E34 -> 295.8 | E34: =[1]ケース単位集計!G34 -> 0 | F34: =[1]ケース単位集計!C64 -> 295.60625 | G34: =[1]ケース単位集計!D64 -> 293.9 | H34: =[1]ケース単位集計!E64 -> 296.9 | I34: =[1]ケース単位集計!G64 -> 20 | J34: =[1]ケース単位集計!C95 -> 294.39625 | K34: =[1]ケース単位集計!D95 -> 293.8 | L34: =[1]ケース単位集計!E95 -> 295.2 | M34: =[1]ケース単位集計!G95 -> 0 | N34: =[1]ケース単位集計!C125 -> 295.3225 | O34: =[1]ケース単位集計!D125 -> 292.9 | P34: =[1]ケース単位集計!E125 -> 296.4 | Q34: =[1]ケース単位集計!G125 -> 9 | R34: =[1]ケース単位集計!C157 -> 292.78125 | S34: =[1]ケース単位集計!D157 -> 291.7 | T34: =[1]ケース単位集計!E157 -> 293.9 | U34: =[1]ケース単位集計!G157 -> 0 | V34: =[1]ケース単位集計!C188 -> 293.7825 | W34: =[1]ケース単位集計!D188 -> 291.7 | X34: =[1]ケース単位集計!E188 -> 295.4 | Y34: =[1]ケース単位集計!G188 -> 7 | Z34: =[1]ケース単位集計!C221 -> 294.69 | AA34: =[1]ケース単位集計!D221 -> 292.7 | AB34: =[1]ケース単位集計!E221 -> 296.4 | AC34: =[1]ケース単位集計!G221 -> 0 | AD34: =[1]ケース単位集計!C253 -> 294.82125 | AE34: =[1]ケース単位集計!D253 -> 293.5 | AF34: =[1]ケース単位集計!E253 -> 296.1 | AG34: =[1]ケース単位集計!G253 -> 0 | AH34: =[1]ケース単位集計!C285 -> 292.66375 | AI34: =[1]ケース単位集計!D285 -> 291.7 | AJ34: =[1]ケース単位集計!E285 -> 293.8 | AK34: =[1]ケース単位集計!G285 -> 0 | AL34: =[1]ケース単位集計!C316 -> 294.35125 | AM34: =[1]ケース単位集計!D316 -> 292.7 | AN34: =[1]ケース単位集計!E316 -> 295.4 | AO34: =[1]ケース単位集計!G316 -> 0 | AP34: =[1]ケース単位集計!$C347 -> 293.17125 | AQ34: =[1]ケース単位集計!$D347 -> 292.4 | AR34: =[1]ケース単位集計!$E347 -> 293.7 | AS34: =[1]ケース単位集計!$G347 -> 0 | AT34: =[1]ケース単位集計!$C378 -> 294.08375 | AU34: =[1]ケース単位集計!$D378 -> 291.6 | AV34: =[1]ケース単位集計!$E378 -> 295.4 | AW34: =[1]ケース単位集計!$G378 -> 48 | AX34: =[1]ケース単位集計!$C410 -> 293.49125 | AY34: =[1]ケース単位集計!$D410 -> 292.6 | AZ34: =[1]ケース単位集計!$E410 -> 294.9 | BA34: =[1]ケース単位集計!$G410 -> 0 | BB34: =[1]ケース単位集計!$C441 -> 293.33 | BC34: =[1]ケース単位集計!$D441 -> 292.5 | BD34: =[1]ケース単位集計!$E441 -> 294 | BE34: =[1]ケース単位集計!$G441 -> 0 | BF34: =[1]ケース単位集計!$C471 -> 294.415 | BG34: =[1]ケース単位集計!$D471 -> 293.2 | BH34: =[1]ケース単位集計!$E471 -> 295.1 | BI34: =[1]ケース単位集計!$G471 -> 0
A35: 31 | F35: =[1]ケース単位集計!C65 -> 295.6025 | G35: =[1]ケース単位集計!D65 -> 293.5 | H35: =[1]ケース単位集計!E65 -> 297 | I35: =[1]ケース単位集計!G65 -> 14 | N35: =[1]ケース単位集計!C126 -> 295.62375 | O35: =[1]ケース単位集計!D126 -> 293.1 | P35: =[1]ケース単位集計!E126 -> 296.6 | Q35: =[1]ケース単位集計!G126 -> 2 | R35: =[1]ケース単位集計!C158 -> 292.69125 | S35: =[1]ケース単位集計!D158 -> 291.6 | T35: =[1]ケース単位集計!E158 -> 293.9 | U35: =[1]ケース単位集計!G158 -> 0 | V35: =[1]ケース単位集計!C189 -> 293.81875 | W35: =[1]ケース単位集計!D189 -> 291.6 | X35: =[1]ケース単位集計!E189 -> 297.2 | Y35: =[1]ケース単位集計!G189 -> 15 | Z35: =[1]ケース単位集計!C222 -> 295.09 | AA35: =[1]ケース単位集計!D222 -> 293 | AB35: =[1]ケース単位集計!E222 -> 296.6 | AC35: =[1]ケース単位集計!G222 -> 0 | AD35: =[1]ケース単位集計!C254 -> 295.03125 | AE35: =[1]ケース単位集計!D254 -> 294.1 | AF35: =[1]ケース単位集計!E254 -> 296.2 | AG35: =[1]ケース単位集計!G254 -> 0 | AH35: =[1]ケース単位集計!C286 -> 292.52125 | AI35: =[1]ケース単位集計!D286 -> 291.3 | AJ35: =[1]ケース単位集計!E286 -> 293.5 | AK35: =[1]ケース単位集計!G286 -> 1 | AL35: =[1]ケース単位集計!C317 -> 294.23875 | AM35: =[1]ケース単位集計!D317 -> 292.7 | AN35: =[1]ケース単位集計!E317 -> 295.4 | AO35: =[1]ケース単位集計!G317 -> 0 | AP35: =[1]ケース単位集計!$C348 -> 293.10125 | AQ35: =[1]ケース単位集計!$D348 -> 292.3 | AR35: =[1]ケース単位集計!$E348 -> 294.8 | AS35: =[1]ケース単位集計!$G348 -> 0 | AT35: =[1]ケース単位集計!$C379 -> 293.9825 | AU35: =[1]ケース単位集計!$D379 -> 291.9 | AV35: =[1]ケース単位集計!$E379 -> 295.5 | AW35: =[1]ケース単位集計!$G379 -> 9 | AX35: =[1]ケース単位集計!$C411 -> 293.69 | AY35: =[1]ケース単位集計!$D411 -> 292.5 | AZ35: =[1]ケース単位集計!$E411 -> 296.1 | BA35: =[1]ケース単位集計!$G411 -> 5
A36: 32 | N36: =[1]ケース単位集計!C127 -> 295.16 | O36: =[1]ケース単位集計!D127 -> 292.3 | P36: =[1]ケース単位集計!E127 -> 296.4 | Q36: =[1]ケース単位集計!G127 -> 3 | V36: =[1]ケース単位集計!C190 -> 293.44125 | W36: =[1]ケース単位集計!D190 -> 290.8 | X36: =[1]ケース単位集計!E190 -> 297.4 | Y36: =[1]ケース単位集計!G190 -> 37 | Z36: =[1]ケース単位集計!C223 -> 294.73125 | AA36: =[1]ケース単位集計!D223 -> 292.6 | AB36: =[1]ケース単位集計!E223 -> 296.6 | AC36: =[1]ケース単位集計!G223 -> 0 | AD36: =[1]ケース単位集計!C255 -> 294.98875 | AE36: =[1]ケース単位集計!D255 -> 292.9 | AF36: =[1]ケース単位集計!E255 -> 296.6 | AG36: =[1]ケース単位集計!G255 -> 1 | AT36: =[1]ケース単位集計!$C380 -> 293.89125 | AU36: =[1]ケース単位集計!$D380 -> 291.3 | AV36: =[1]ケース単位集計!$E380 -> 295.4 | AW36: =[1]ケース単位集計!$G380 -> 12
A37: 33 | V37: =[1]ケース単位集計!C191 -> 294.525 | W37: =[1]ケース単位集計!D191 -> 290.9 | X37: =[1]ケース単位集計!E191 -> 297 | Y37: =[1]ケース単位集計!G191 -> 34
