Workbook

Sheet Sheet1
A1: 1本ごとの推移（9ロット）
AM3: =AVERAGE(AL5:AL9) -> 292.5 | AQ3: =AVERAGE(AP5:AP9) -> 294.14 | AU3: =AVERAGE(AT5:AT9) -> 293.02 | AY3: =AVERAGE(AX5:AX9) -> 293.84 | BC3: =AVERAGE(BB5:BB9) -> 293.74 | BG3: =AVERAGE(BF5:BF9) -> 293.62
A4: 測定順 | B4: ロット1 | C4: 基準 | D4: 上限 | E4: 下限 | F4: ロット2 | G4: 基準 | H4: 上限 | I4: 下限 | J4: ロット3 | K4: 基準 | L4: 上限 | M4: 下限 | N4: ロット4 | O4: 基準 | P4: 上限 | Q4: 下限 | R4: ロット5 | S4: 基準 | T4: 上限 | U4: 下限 | V4: ロット6 | W4: 基準 | X4: 上限 | Y4: 下限 | Z4: ロット7 | AA4: 基準 | AB4: 上限 | AC4: 下限 | AD4: ロット8 | AE4: 基準 | AF4: 上限 | AG4: 下限 | AH4: ロット9 | AI4: 基準 | AJ4: 上限 | AK4: 下限 | AL4: ロット10 | AM4: 基準 | AN4: 上限 | AO4: 下限 | AP4: ロット11 | AQ4: 基準 | AR4: 上限 | AS4: 下限 | AT4: ロット12 | AU4: 基準 | AV4: 上限 | AW4: 下限 | AX4: ロット13 | AY4: 基準 | AZ4: 上限 | BA4: 下限 | BB4: ロット14 | BC4: 基準 | BD4: 上限 | BE4: 下限 | BF4: ロット15 | BG4: 基準 | BH4: 上限 | BI4: 下限
A5: 1 | B5: =IF([1]生データ_製品!$F5="生産品",[1]生データ_製品!$D5,NA()) -> 294.3 | C5: 294.4 | D5: 295.8 | E5: 293 | F5: =IF([1]生データ_製品!$F2464="生産品",[1]生データ_製品!$D2464,NA()) -> 294.7 | G5: 295.2 | H5: 296.64 | I5: 293.8 | J5: =IF([1]生データ_製品!$F5033="生産品",[1]生データ_製品!$D5033,NA()) -> 294.1 | K5: 294.2 | L5: 295.64 | M5: 292.8 | N5: =IF([1]生データ_製品!$F7502="生産品",[1]生データ_製品!$D7502,NA()) -> 295.2 | O5: 295.4 | P5: 296.8 | Q5: 294 | R5: =IF([1]生データ_製品!$F10116="生産品",[1]生データ_製品!$D10116,NA()) -> 292.7 | S5: 292.5 | T5: 293.9 | U5: 291.1 | V5: =IF([1]生データ_製品!$F12614="生産品",[1]生データ_製品!$D12614,NA()) -> 291.5 | W5: 292.3 | X5: 293.7 | Y5: 290.9 | Z5: =IF([1]生データ_製品!$F15324="生産品",[1]生データ_製品!$D15324,NA()) -> 293.4 | AA5: 294.2 | AB5: 295.6 | AC5: 292.8 | AD5: =IF([1]生データ_製品!$F17923="生産品",[1]生データ_製品!$D17923,NA()) -> 295 | AE5: 295.2 | AF5: 296.6 | AG5: 293.8 | AH5: =IF([1]生データ_製品!$F20516="生産品",[1]生データ_製品!$D20516,NA()) -> 295.4 | AI5: 295.8 | AJ5: 297.2 | AK5: 294.4 | AL5: =IF([1]生データ_製品!$F23064="生産品",[1]生データ_製品!$D23064,NA()) -> 292.7 | AM5: 292.5 | AN5: 293.9 | AO5: 291.1 | AP5: =IF([1]生データ_製品!$F25580="生産品",[1]生データ_製品!$D25580,NA()) -> 294.1 | AQ5: 294.1 | AR5: 295.5 | AS5: 292.7 | AT5: =IF([1]生データ_製品!$F28105="生産品",[1]生データ_製品!$D28105,NA()) -> 293.3 | AU5: 293 | AV5: 294.4 | AW5: 291.6 | AX5: =IF([1]生データ_製品!$F30756="生産品",[1]生データ_製品!$D30756,NA()) -> 293.9 | AY5: 293.8 | AZ5: 295.2 | BA5: 292.4 | BB5: =IF([1]生データ_製品!$F33253="生産品",[1]生データ_製品!$D33253,NA()) -> 293.8 | BC5: 293.7 | BD5: 295.1 | BE5: 292.3 | BF5: =IF([1]生データ_製品!$F35706="生産品",[1]生データ_製品!$D35706,NA()) -> 293.3 | BG5: 293.6 | BH5: 295 | BI5: 292.2
A6: 2 | B6: =IF([1]生データ_製品!$F6="生産品",[1]生データ_製品!$D6,NA()) -> 294.3 | C6: 294.4 | D6: 295.8 | E6: 293 | F6: =IF([1]生データ_製品!$F2465="生産品",[1]生データ_製品!$D2465,NA()) -> 295.3 | G6: 295.2 | H6: 296.64 | I6: 293.8 | J6: =IF([1]生データ_製品!$F5034="生産品",[1]生データ_製品!$D5034,NA()) -> 294.7 | K6: 294.2 | L6: 295.64 | M6: 292.8 | N6: =IF([1]生データ_製品!$F7503="生産品",[1]生データ_製品!$D7503,NA()) -> 295.4 | O6: 295.4 | P6: 296.8 | Q6: 294 | R6: =IF([1]生データ_製品!$F10117="生産品",[1]生データ_製品!$D10117,NA()) -> 292.6 | S6: 292.5 | T6: 293.9 | U6: 291.1 | V6: =IF([1]生データ_製品!$F12615="生産品",[1]生データ_製品!$D12615,NA()) -> 291.7 | W6: 292.3 | X6: 293.7 | Y6: 290.9 | Z6: =IF([1]生データ_製品!$F15325="生産品",[1]生データ_製品!$D15325,NA()) -> 294.8 | AA6: 294.2 | AB6: 295.6 | AC6: 292.8 | AD6: =IF([1]生データ_製品!$F17924="生産品",[1]生データ_製品!$D17924,NA()) -> 294.9 | AE6: 295.2 | AF6: 296.6 | AG6: 293.8 | AH6: =IF([1]生データ_製品!$F20517="生産品",[1]生データ_製品!$D20517,NA()) -> 296.2 | AI6: 295.8 | AJ6: 297.2 | AK6: 294.4 | AL6: =IF([1]生データ_製品!$F23065="生産品",[1]生データ_製品!$D23065,NA()) -> 291.9 | AM6: 292.5 | AN6: 293.9 | AO6: 291.1 | AP6: =IF([1]生データ_製品!$F25581="生産品",[1]生データ_製品!$D25581,NA()) -> 293.8 | AQ6: 294.1 | AR6: 295.5 | AS6: 292.7 | AT6: =IF([1]生データ_製品!$F28106="生産品",[1]生データ_製品!$D28106,NA()) -> 293 | AU6: 293 | AV6: 294.4 | AW6: 291.6 | AX6: =IF([1]生データ_製品!$F30757="生産品",[1]生データ_製品!$D30757,NA()) -> 292.8 | AY6: 293.8 | AZ6: 295.2 | BA6: 292.4 | BB6: =IF([1]生データ_製品!$F33254="生産品",[1]生データ_製品!$D33254,NA()) -> 292.9 | BC6: 293.7 | BD6: 295.1 | BE6: 292.3 | BF6: =IF([1]生データ_製品!$F35707="生産品",[1]生データ_製品!$D35707,NA()) -> 293.6 | BG6: 293.6 | BH6: 295 | BI6: 292.2
A7: 3 | B7: =IF([1]生データ_製品!$F7="生産品",[1]生データ_製品!$D7,NA()) -> 294.7 | C7: 294.4 | D7: 295.8 | E7: 293 | F7: =IF([1]生データ_製品!$F2466="生産品",[1]生データ_製品!$D2466,NA()) -> 294.9 | G7: 295.2 | H7: 296.64 | I7: 293.8 | J7: =IF([1]生データ_製品!$F5035="生産品",[1]生データ_製品!$D5035,NA()) -> 294.1 | K7: 294.2 | L7: 295.64 | M7: 292.8 | N7: =IF([1]生データ_製品!$F7504="生産品",[1]生データ_製品!$D7504,NA()) -> 295.2 | O7: 295.4 | P7: 296.8 | Q7: 294 | R7: =IF([1]生データ_製品!$F10118="生産品",[1]生データ_製品!$D10118,NA()) -> 292.3 | S7: 292.5 | T7: 293.9 | U7: 291.1 | V7: =IF([1]生データ_製品!$F12616="生産品",[1]生データ_製品!$D12616,NA()) -> 292.8 | W7: 292.3 | X7: 293.7 | Y7: 290.9 | Z7: =IF([1]生データ_製品!$F15326="生産品",[1]生データ_製品!$D15326,NA()) -> 294.6 | AA7: 294.2 | AB7: 295.6 | AC7: 292.8 | AD7: =IF([1]生データ_製品!$F17925="生産品",[1]生データ_製品!$D17925,NA()) -> 295.1 | AE7: 295.2 | AF7: 296.6 | AG7: 293.8 | AH7: =IF([1]生データ_製品!$F20518="生産品",[1]生データ_製品!$D20518,NA()) -> 295.2 | AI7: 295.8 | AJ7: 297.2 | AK7: 294.4 | AL7: =IF([1]生データ_製品!$F23066="生産品",[1]生データ_製品!$D23066,NA()) -> 292.1 | AM7: 292.5 | AN7: 293.9 | AO7: 291.1 | AP7: =IF([1]生データ_製品!$F25582="生産品",[1]生データ_製品!$D25582,NA()) -> 293.9 | AQ7: 294.1 | AR7: 295.5 | AS7: 292.7 | AT7: =IF([1]生データ_製品!$F28107="生産品",[1]生データ_製品!$D28107,NA()) -> 292.7 | AU7: 293 | AV7: 294.4 | AW7: 291.6 | AX7: =IF([1]生データ_製品!$F30758="生産品",[1]生データ_製品!$D30758,NA()) -> 295 | AY7: 293.8 | AZ7: 295.2 | BA7: 292.4 | BB7: =IF([1]生データ_製品!$F33255="生産品",[1]生データ_製品!$D33255,NA()) -> 294 | BC7: 293.7 | BD7: 295.1 | BE7: 292.3 | BF7: =IF([1]生データ_製品!$F35708="生産品",[1]生データ_製品!$D35708,NA()) -> 293.3 | BG7: 293.6 | BH7: 295 | BI7: 292.2
A8: 4 | B8: =IF([1]生データ_製品!$F8="生産品",[1]生データ_製品!$D8,NA()) -> 294.3 | C8: 294.4 | D8: 295.8 | E8: 293 | F8: =IF([1]生データ_製品!$F2467="生産品",[1]生データ_製品!$D2467,NA()) -> 295.7 | G8: 295.2 | H8: 296.64 | I8: 293.8 | J8: =IF([1]生データ_製品!$F5036="生産品",[1]生データ_製品!$D5036,NA()) -> 293.9 | K8: 294.2 | L8: 295.64 | M8: 292.8 | N8: =IF([1]生データ_製品!$F7505="生産品",[1]生データ_製品!$D7505,NA()) -> 295.6 | O8: 295.4 | P8: 296.8 | Q8: 294 | R8: =IF([1]生データ_製品!$F10119="生産品",[1]生データ_製品!$D10119,NA()) -> 292.4 | S8: 292.5 | T8: 293.9 | U8: 291.1 | V8: =IF([1]生データ_製品!$F12617="生産品",[1]生データ_製品!$D12617,NA()) -> 293.1 | W8: 292.3 | X8: 293.7 | Y8: 290.9 | Z8: =IF([1]生データ_製品!$F15327="生産品",[1]生データ_製品!$D15327,NA()) -> 293.7 | AA8: 294.2 | AB8: 295.6 | AC8: 292.8 | AD8: =IF([1]生データ_製品!$F17926="生産品",[1]生データ_製品!$D17926,NA()) -> 296 | AE8: 295.2 | AF8: 296.6 | AG8: 293.8 | AH8: =IF([1]生データ_製品!$F20519="生産品",[1]生データ_製品!$D20519,NA()) -> 295.9 | AI8: 295.8 | AJ8: 297.2 | AK8: 294.4 | AL8: =IF([1]生データ_製品!$F23067="生産品",[1]生データ_製品!$D23067,NA()) -> 293.3 | AM8: 292.5 | AN8: 293.9 | AO8: 291.1 | AP8: =IF([1]生データ_製品!$F25583="生産品",[1]生データ_製品!$D25583,NA()) -> 294.1 | AQ8: 294.1 | AR8: 295.5 | AS8: 292.7 | AT8: =IF([1]生データ_製品!$F28108="生産品",[1]生データ_製品!$D28108,NA()) -> 293.2 | AU8: 293 | AV8: 294.4 | AW8: 291.6 | AX8: =IF([1]生データ_製品!$F30759="生産品",[1]生データ_製品!$D30759,NA()) -> 293.6 | AY8: 293.8 | AZ8: 295.2 | BA8: 292.4 | BB8: =IF([1]生データ_製品!$F33256="生産品",[1]生データ_製品!$D33256,NA()) -> 294.3 | BC8: 293.7 | BD8: 295.1 | BE8: 292.3 | BF8: =IF([1]生データ_製品!$F35709="生産品",[1]生データ_製品!$D35709,NA()) -> 293.9 | BG8: 293.6 | BH8: 295 | BI8: 292.2
A9: 5 | B9: =IF([1]生データ_製品!$F9="生産品",[1]生データ_製品!$D9,NA()) -> 294.5 | C9: 294.4 | D9: 295.8 | E9: 293 | F9: =IF([1]生データ_製品!$F2468="生産品",[1]生データ_製品!$D2468,NA()) -> 295.3 | G9: 295.2 | H9: 296.64 | I9: 293.8 | J9: =IF([1]生データ_製品!$F5037="生産品",[1]生データ_製品!$D5037,NA()) -> 294 | K9: 294.2 | L9: 295.64 | M9: 292.8 | N9: =IF([1]生データ_製品!$F7506="生産品",[1]生データ_製品!$D7506,NA()) -> 295.4 | O9: 295.4 | P9: 296.8 | Q9: 294 | R9: =IF([1]生データ_製品!$F10120="生産品",[1]生データ_製品!$D10120,NA()) -> 292.7 | S9: 292.5 | T9: 293.9 | U9: 291.1 | V9: =IF([1]生データ_製品!$F12618="生産品",[1]生データ_製品!$D12618,NA()) -> 292.3 | W9: 292.3 | X9: 293.7 | Y9: 290.9 | Z9: =IF([1]生データ_製品!$F15328="生産品",[1]生データ_製品!$D15328,NA()) -> 294.5 | AA9: 294.2 | AB9: 295.6 | AC9: 292.8 | AD9: =IF([1]生データ_製品!$F17927="生産品",[1]生データ_製品!$D17927,NA()) -> 295.1 | AE9: 295.2 | AF9: 296.6 | AG9: 293.8 | AH9: =IF([1]生データ_製品!$F20520="生産品",[1]生データ_製品!$D20520,NA()) -> 296.3 | AI9: 295.8 | AJ9: 297.2 | AK9: 294.4 | AL9: =IF([1]生データ_製品!$F23068="生産品",[1]生データ_製品!$D23068,NA()) -> 292.5 | AM9: 292.5 | AN9: 293.9 | AO9: 291.1 | AP9: =IF([1]生データ_製品!$F25584="生産品",[1]生データ_製品!$D25584,NA()) -> 294.8 | AQ9: 294.1 | AR9: 295.5 | AS9: 292.7 | AT9: =IF([1]生データ_製品!$F28109="生産品",[1]生データ_製品!$D28109,NA()) -> 292.9 | AU9: 293 | AV9: 294.4 | AW9: 291.6 | AX9: =IF([1]生データ_製品!$F30760="生産品",[1]生データ_製品!$D30760,NA()) -> 293.9 | AY9: 293.8 | AZ9: 295.2 | BA9: 292.4 | BB9: =IF([1]生データ_製品!$F33257="生産品",[1]生データ_製品!$D33257,NA()) -> 293.7 | BC9: 293.7 | BD9: 295.1 | BE9: 292.3 | BF9: =IF([1]生データ_製品!$F35710="生産品",[1]生データ_製品!$D35710,NA()) -> 294 | BG9: 293.6 | BH9: 295 | BI9: 292.2
A10: 6 | B10: =IF([1]生データ_製品!$F10="生産品",[1]生データ_製品!$D10,NA()) -> #N/A | C10: 294.4 | D10: 295.8 | E10: 293 | F10: =IF([1]生データ_製品!$F2469="生産品",[1]生データ_製品!$D2469,NA()) -> #N/A | G10: 295.2 | H10: 296.64 | I10: 293.8 | J10: =IF([1]生データ_製品!$F5038="生産品",[1]生データ_製品!$D5038,NA()) -> #N/A | K10: 294.2 | L10: 295.64 | M10: 292.8 | N10: =IF([1]生データ_製品!$F7507="生産品",[1]生データ_製品!$D7507,NA()) -> #N/A | O10: 295.4 | P10: 296.8 | Q10: 294 | R10: =IF([1]生データ_製品!$F10121="生産品",[1]生データ_製品!$D10121,NA()) -> #N/A | S10: 292.5 | T10: 293.9 | U10: 291.1 | V10: =IF([1]生データ_製品!$F12619="生産品",[1]生データ_製品!$D12619,NA()) -> 292.8 | W10: 292.3 | X10: 293.7 | Y10: 290.9 | Z10: =IF([1]生データ_製品!$F15329="生産品",[1]生データ_製品!$D15329,NA()) -> #N/A | AA10: 294.2 | AB10: 295.6 | AC10: 292.8 | AD10: =IF([1]生データ_製品!$F17928="生産品",[1]生データ_製品!$D17928,NA()) -> #N/A | AE10: 295.2 | AF10: 296.6 | AG10: 293.8 | AH10: =IF([1]生データ_製品!$F20521="生産品",[1]生データ_製品!$D20521,NA()) -> 296.2 | AI10: 295.8 | AJ10: 297.2 | AK10: 294.4 | AL10: =IF([1]生データ_製品!$F23069="生産品",[1]生データ_製品!$D23069,NA()) -> #N/A | AM10: 292.5 | AN10: 293.9 | AO10: 291.1 | AP10: =IF([1]生データ_製品!$F25585="生産品",[1]生データ_製品!$D25585,NA()) -> #N/A | AQ10: 294.1 | AR10: 295.5 | AS10: 292.7 | AT10: =IF([1]生データ_製品!$F28110="生産品",[1]生データ_製品!$D28110,NA()) -> #N/A | AU10: 293 | AV10: 294.4 | AW10: 291.6 | AX10: =IF([1]生データ_製品!$F30761="生産品",[1]生データ_製品!$D30761,NA()) -> #N/A | AY10: 293.8 | AZ10: 295.2 | BA10: 292.4 | BB10: =IF([1]生データ_製品!$F33258="生産品",[1]生データ_製品!$D33258,NA()) -> #N/A | BC10: 293.7 | BD10: 295.1 | BE10: 292.3 | BF10: =IF([1]生データ_製品!$F35711="生産品",[1]生データ_製品!$D35711,NA()) -> #N/A | BG10: 293.6 | BH10: 295 | BI10: 292.2
A11: 7 | B11: =IF([1]生データ_製品!$F11="生産品",[1]生データ_製品!$D11,NA()) -> 294.7 | C11: 294.4 | D11: 295.8 | E11: 293 | F11: =IF([1]生データ_製品!$F2470="生産品",[1]生データ_製品!$D2470,NA()) -> 295.3 | G11: 295.2 | H11: 296.64 | I11: 293.8 | J11: =IF([1]生データ_製品!$F5039="生産品",[1]生データ_製品!$D5039,NA()) -> 293.9 | K11: 294.2 | L11: 295.64 | M11: 292.8 | N11: =IF([1]生データ_製品!$F7508="生産品",[1]生データ_製品!$D7508,NA()) -> 295.6 | O11: 295.4 | P11: 296.8 | Q11: 294 | R11: =IF([1]生データ_製品!$F10122="生産品",[1]生データ_製品!$D10122,NA()) -> 292.9 | S11: 292.5 | T11: 293.9 | U11: 291.1 | V11: =IF([1]生データ_製品!$F12620="生産品",[1]生データ_製品!$D12620,NA()) -> 291.6 | W11: 292.3 | X11: 293.7 | Y11: 290.9 | Z11: =IF([1]生データ_製品!$F15330="生産品",[1]生データ_製品!$D15330,NA()) -> 293.5 | AA11: 294.2 | AB11: 295.6 | AC11: 292.8 | AD11: =IF([1]生データ_製品!$F17929="生産品",[1]生データ_製品!$D17929,NA()) -> 294.9 | AE11: 295.2 | AF11: 296.6 | AG11: 293.8 | AH11: =IF([1]生データ_製品!$F20522="生産品",[1]生データ_製品!$D20522,NA()) -> 295.8 | AI11: 295.8 | AJ11: 297.2 | AK11: 294.4 | AL11: =IF([1]生データ_製品!$F23070="生産品",[1]生データ_製品!$D23070,NA()) -> 293.4 | AM11: 292.5 | AN11: 293.9 | AO11: 291.1 | AP11: =IF([1]生データ_製品!$F25586="生産品",[1]生データ_製品!$D25586,NA()) -> 294 | AQ11: 294.1 | AR11: 295.5 | AS11: 292.7 | AT11: =IF([1]生データ_製品!$F28111="生産品",[1]生データ_製品!$D28111,NA()) -> 293.3 | AU11: 293 | AV11: 294.4 | AW11: 291.6 | AX11: =IF([1]生データ_製品!$F30762="生産品",[1]生データ_製品!$D30762,NA()) -> 295.1 | AY11: 293.8 | AZ11: 295.2 | BA11: 292.4 | BB11: =IF([1]生データ_製品!$F33259="生産品",[1]生データ_製品!$D33259,NA()) -> 292.8 | BC11: 293.7 | BD11: 295.1 | BE11: 292.3 | BF11: =IF([1]生データ_製品!$F35712="生産品",[1]生データ_製品!$D35712,NA()) -> #N/A | BG11: 293.6 | BH11: 295 | BI11: 292.2
A12: 8 | B12: =IF([1]生データ_製品!$F12="生産品",[1]生データ_製品!$D12,NA()) -> 294.4 | C12: 294.4 | D12: 295.8 | E12: 293 | F12: =IF([1]生データ_製品!$F2471="生産品",[1]生データ_製品!$D2471,NA()) -> 294.8 | G12: 295.2 | H12: 296.64 | I12: 293.8 | J12: =IF([1]生データ_製品!$F5040="生産品",[1]生データ_製品!$D5040,NA()) -> 294.1 | K12: 294.2 | L12: 295.64 | M12: 292.8 | N12: =IF([1]生データ_製品!$F7509="生産品",[1]生データ_製品!$D7509,NA()) -> 295.5 | O12: 295.4 | P12: 296.8 | Q12: 294 | R12: =IF([1]生データ_製品!$F10123="生産品",[1]生データ_製品!$D10123,NA()) -> 292.6 | S12: 292.5 | T12: 293.9 | U12: 291.1 | V12: =IF([1]生データ_製品!$F12621="生産品",[1]生データ_製品!$D12621,NA()) -> 292.3 | W12: 292.3 | X12: 293.7 | Y12: 290.9 | Z12: =IF([1]生データ_製品!$F15331="生産品",[1]生データ_製品!$D15331,NA()) -> 294.8 | AA12: 294.2 | AB12: 295.6 | AC12: 292.8 | AD12: =IF([1]生データ_製品!$F17930="生産品",[1]生データ_製品!$D17930,NA()) -> 295.2 | AE12: 295.2 | AF12: 296.6 | AG12: 293.8 | AH12: =IF([1]生データ_製品!$F20523="生産品",[1]生データ_製品!$D20523,NA()) -> 296.2 | AI12: 295.8 | AJ12: 297.2 | AK12: 294.4 | AL12: =IF([1]生データ_製品!$F23071="生産品",[1]生データ_製品!$D23071,NA()) -> 292.1 | AM12: 292.5 | AN12: 293.9 | AO12: 291.1 | AP12: =IF([1]生データ_製品!$F25587="生産品",[1]生データ_製品!$D25587,NA()) -> #N/A | AQ12: 294.1 | AR12: 295.5 | AS12: 292.7 | AT12: =IF([1]生データ_製品!$F28112="生産品",[1]生データ_製品!$D28112,NA()) -> 293.4 | AU12: 293 | AV12: 294.4 | AW12: 291.6 | AX12: =IF([1]生データ_製品!$F30763="生産品",[1]生データ_製品!$D30763,NA()) -> 292.9 | AY12: 293.8 | AZ12: 295.2 | BA12: 292.4 | BB12: =IF([1]生データ_製品!$F33260="生産品",[1]生データ_製品!$D33260,NA()) -> 293.8 | BC12: 293.7 | BD12: 295.1 | BE12: 292.3 | BF12: =IF([1]生データ_製品!$F35713="生産品",[1]生データ_製品!$D35713,NA()) -> 293.8 | BG12: 293.6 | BH12: 295 | BI12: 292.2
A13: 9 | B13: =IF([1]生データ_製品!$F13="生産品",[1]生データ_製品!$D13,NA()) -> 294.4 | C13: 294.4 | D13: 295.8 | E13: 293 | F13: =IF([1]生データ_製品!$F2472="生産品",[1]生データ_製品!$D2472,NA()) -> 294.9 | G13: 295.2 | H13: 296.64 | I13: 293.8 | J13: =IF([1]生データ_製品!$F5041="生産品",[1]生データ_製品!$D5041,NA()) -> 294.1 | K13: 294.2 | L13: 295.64 | M13: 292.8 | N13: =IF([1]生データ_製品!$F7510="生産品",[1]生データ_製品!$D7510,NA()) -> 295.5 | O13: 295.4 | P13: 296.8 | Q13: 294 | R13: =IF([1]生データ_製品!$F10124="生産品",[1]生データ_製品!$D10124,NA()) -> 292.4 | S13: 292.5 | T13: 293.9 | U13: 291.1 | V13: =IF([1]生データ_製品!$F12622="生産品",[1]生データ_製品!$D12622,NA()) -> 291.4 | W13: 292.3 | X13: 293.7 | Y13: 290.9 | Z13: =IF([1]生データ_製品!$F15332="生産品",[1]生データ_製品!$D15332,NA()) -> 294.7 | AA13: 294.2 | AB13: 295.6 | AC13: 292.8 | AD13: =IF([1]生データ_製品!$F17931="生産品",[1]生データ_製品!$D17931,NA()) -> 294.8 | AE13: 295.2 | AF13: 296.6 | AG13: 293.8 | AH13: =IF([1]生データ_製品!$F20524="生産品",[1]生データ_製品!$D20524,NA()) -> 295.5 | AI13: 295.8 | AJ13: 297.2 | AK13: 294.4 | AL13: =IF([1]生データ_製品!$F23072="生産品",[1]生データ_製品!$D23072,NA()) -> 292.9 | AM13: 292.5 | AN13: 293.9 | AO13: 291.1 | AP13: =IF([1]生データ_製品!$F25588="生産品",[1]生データ_製品!$D25588,NA()) -> 294.1 | AQ13: 294.1 | AR13: 295.5 | AS13: 292.7 | AT13: =IF([1]生データ_製品!$F28113="生産品",[1]生データ_製品!$D28113,NA()) -> 293.1 | AU13: 293 | AV13: 294.4 | AW13: 291.6 | AX13: =IF([1]生データ_製品!$F30764="生産品",[1]生データ_製品!$D30764,NA()) -> 294.3 | AY13: 293.8 | AZ13: 295.2 | BA13: 292.4 | BB13: =IF([1]生データ_製品!$F33261="生産品",[1]生データ_製品!$D33261,NA()) -> 294.2 | BC13: 293.7 | BD13: 295.1 | BE13: 292.3 | BF13: =IF([1]生データ_製品!$F35714="生産品",[1]生データ_製品!$D35714,NA()) -> 293.7 | BG13: 293.6 | BH13: 295 | BI13: 292.2
A14: 10 | B14: =IF([1]生データ_製品!$F14="生産品",[1]生データ_製品!$D14,NA()) -> 294.9 | C14: 294.4 | D14: 295.8 | E14: 293 | F14: =IF([1]生データ_製品!$F2473="生産品",[1]生データ_製品!$D2473,NA()) -> 295.6 | G14: 295.2 | H14: 296.64 | I14: 293.8 | J14: =IF([1]生データ_製品!$F5042="生産品",[1]生データ_製品!$D5042,NA()) -> 294.4 | K14: 294.2 | L14: 295.64 | M14: 292.8 | N14: =IF([1]生データ_製品!$F7511="生産品",[1]生データ_製品!$D7511,NA()) -> 295.1 | O14: 295.4 | P14: 296.8 | Q14: 294 | R14: =IF([1]生データ_製品!$F10125="生産品",[1]生データ_製品!$D10125,NA()) -> 292.4 | S14: 292.5 | T14: 293.9 | U14: 291.1 | V14: =IF([1]生データ_製品!$F12623="生産品",[1]生データ_製品!$D12623,NA()) -> 292.6 | W14: 292.3 | X14: 293.7 | Y14: 290.9 | Z14: =IF([1]生データ_製品!$F15333="生産品",[1]生データ_製品!$D15333,NA()) -> 294.6 | AA14: 294.2 | AB14: 295.6 | AC14: 292.8 | AD14: =IF([1]生データ_製品!$F17932="生産品",[1]生データ_製品!$D17932,NA()) -> 295.2 | AE14: 295.2 | AF14: 296.6 | AG14: 293.8 | AH14: =IF([1]生データ_製品!$F20525="生産品",[1]生データ_製品!$D20525,NA()) -> 295.2 | AI14: 295.8 | AJ14: 297.2 | AK14: 294.4 | AL14: =IF([1]生データ_製品!$F23073="生産品",[1]生データ_製品!$D23073,NA()) -> #N/A | AM14: 292.5 | AN14: 293.9 | AO14: 291.1 | AP14: =IF([1]生データ_製品!$F25589="生産品",[1]生データ_製品!$D25589,NA()) -> 294.7 | AQ14: 294.1 | AR14: 295.5 | AS14: 292.7 | AT14: =IF([1]生データ_製品!$F28114="生産品",[1]生データ_製品!$D28114,NA()) -> 293 | AU14: 293 | AV14: 294.4 | AW14: 291.6 | AX14: =IF([1]生データ_製品!$F30765="生産品",[1]生データ_製品!$D30765,NA()) -> 293.7 | AY14: 293.8 | AZ14: 295.2 | BA14: 292.4 | BB14: =IF([1]生データ_製品!$F33262="生産品",[1]生データ_製品!$D33262,NA()) -> 293.9 | BC14: 293.7 | BD14: 295.1 | BE14: 292.3 | BF14: =IF([1]生データ_製品!$F35715="生産品",[1]生データ_製品!$D35715,NA()) -> 294.1 | BG14: 293.6 | BH14: 295 | BI14: 292.2
A15: 11 | B15: =IF([1]生データ_製品!$F15="生産品",[1]生データ_製品!$D15,NA()) -> 294.3 | C15: 294.4 | D15: 295.8 | E15: 293 | F15: =IF([1]生データ_製品!$F2474="生産品",[1]生データ_製品!$D2474,NA()) -> #N/A | G15: 295.2 | H15: 296.64 | I15: 293.8 | J15: =IF([1]生データ_製品!$F5043="生産品",[1]生データ_製品!$D5043,NA()) -> 294.1 | K15: 294.2 | L15: 295.64 | M15: 292.8 | N15: =IF([1]生データ_製品!$F7512="生産品",[1]生データ_製品!$D7512,NA()) -> 295.9 | O15: 295.4 | P15: 296.8 | Q15: 294 | R15: =IF([1]生データ_製品!$F10126="生産品",[1]生データ_製品!$D10126,NA()) -> 292.9 | S15: 292.5 | T15: 293.9 | U15: 291.1 | V15: =IF([1]生データ_製品!$F12624="生産品",[1]生データ_製品!$D12624,NA()) -> #N/A | W15: 292.3 | X15: 293.7 | Y15: 290.9 | Z15: =IF([1]生データ_製品!$F15334="生産品",[1]生データ_製品!$D15334,NA()) -> #N/A | AA15: 294.2 | AB15: 295.6 | AC15: 292.8 | AD15: =IF([1]生データ_製品!$F17933="生産品",[1]生データ_製品!$D17933,NA()) -> 295.1 | AE15: 295.2 | AF15: 296.6 | AG15: 293.8 | AH15: =IF([1]生データ_製品!$F20526="生産品",[1]生データ_製品!$D20526,NA()) -> 294.8 | AI15: 295.8 | AJ15: 297.2 | AK15: 294.4 | AL15: =IF([1]生データ_製品!$F23074="生産品",[1]生データ_製品!$D23074,NA()) -> 291.9 | AM15: 292.5 | AN15: 293.9 | AO15: 291.1 | AP15: =IF([1]生データ_製品!$F25590="生産品",[1]生データ_製品!$D25590,NA()) -> 293.6 | AQ15: 294.1 | AR15: 295.5 | AS15: 292.7 | AT15: =IF([1]生データ_製品!$F28115="生産品",[1]生データ_製品!$D28115,NA()) -> 293.1 | AU15: 293 | AV15: 294.4 | AW15: 291.6 | AX15: =IF([1]生データ_製品!$F30766="生産品",[1]生データ_製品!$D30766,NA()) -> 295.4 | AY15: 293.8 | AZ15: 295.2 | BA15: 292.4 | BB15: =IF([1]生データ_製品!$F33263="生産品",[1]生データ_製品!$D33263,NA()) -> #N/A | BC15: 293.7 | BD15: 295.1 | BE15: 292.3 | BF15: =IF([1]生データ_製品!$F35716="生産品",[1]生データ_製品!$D35716,NA()) -> 293.9 | BG15: 293.6 | BH15: 295 | BI15: 292.2
A16: 12 | B16: =IF([1]生データ_製品!$F16="生産品",[1]生データ_製品!$D16,NA()) -> 294.6 | C16: 294.4 | D16: 295.8 | E16: 293 | F16: =IF([1]生データ_製品!$F2475="生産品",[1]生データ_製品!$D2475,NA()) -> 294.8 | G16: 295.2 | H16: 296.64 | I16: 293.8 | J16: =IF([1]生データ_製品!$F5044="生産品",[1]生データ_製品!$D5044,NA()) -> 294.3 | K16: 294.2 | L16: 295.64 | M16: 292.8 | N16: =IF([1]生データ_製品!$F7513="生産品",[1]生データ_製品!$D7513,NA()) -> 295.3 | O16: 295.4 | P16: 296.8 | Q16: 294 | R16: =IF([1]生データ_製品!$F10127="生産品",[1]生データ_製品!$D10127,NA()) -> 292.8 | S16: 292.5 | T16: 293.9 | U16: 291.1 | V16: =IF([1]生データ_製品!$F12625="生産品",[1]生データ_製品!$D12625,NA()) -> 292.3 | W16: 292.3 | X16: 293.7 | Y16: 290.9 | Z16: =IF([1]生データ_製品!$F15335="生産品",[1]生データ_製品!$D15335,NA()) -> 295.8 | AA16: 294.2 | AB16: 295.6 | AC16: 292.8 | AD16: =IF([1]生データ_製品!$F17934="生産品",[1]生データ_製品!$D17934,NA()) -> 295.1 | AE16: 295.2 | AF16: 296.6 | AG16: 293.8 | AH16: =IF([1]生データ_製品!$F20527="生産品",[1]生データ_製品!$D20527,NA()) -> 295.9 | AI16: 295.8 | AJ16: 297.2 | AK16: 294.4 | AL16: =IF([1]生データ_製品!$F23075="生産品",[1]生データ_製品!$D23075,NA()) -> 292.1 | AM16: 292.5 | AN16: 293.9 | AO16: 291.1 | AP16: =IF([1]生データ_製品!$F25591="生産品",[1]生データ_製品!$D25591,NA()) -> 294.2 | AQ16: 294.1 | AR16: 295.5 | AS16: 292.7 | AT16: =IF([1]生データ_製品!$F28116="生産品",[1]生データ_製品!$D28116,NA()) -> 293.4 | AU16: 293 | AV16: 294.4 | AW16: 291.6 | AX16: =IF([1]生データ_製品!$F30767="生産品",[1]生データ_製品!$D30767,NA()) -> 295 | AY16: 293.8 | AZ16: 295.2 | BA16: 292.4 | BB16: =IF([1]生データ_製品!$F33264="生産品",[1]生データ_製品!$D33264,NA()) -> 292.7 | BC16: 293.7 | BD16: 295.1 | BE16: 292.3 | BF16: =IF([1]生データ_製品!$F35717="生産品",[1]生データ_製品!$D35717,NA()) -> 293.7 | BG16: 293.6 | BH16: 295 | BI16: 292.2
... A2457: 2453 | B2457: =IF([1]生データ_製品!$F2457="生産品",[1]生データ_製品!$D2457,NA()) -> 295.5 | C2457: 294.4 | D2457: 295.8 | E2457: 293 | F2457: =IF([1]生データ_製品!$F4916="生産品",[1]生データ_製品!$D4916,NA()) -> 296.6 | G2457: 295.2 | H2457: 296.64 | I2457: 293.8 | J2457: =IF([1]生データ_製品!$F7485="生産品",[1]生データ_製品!$D7485,NA()) -> 294.7 | K2457: 294.2 | L2457: 295.64 | M2457: 292.8 | N2457: =IF([1]生データ_製品!$F9954="生産品",[1]生データ_製品!$D9954,NA()) -> 295.5 | O2457: 295.4 | P2457: 296.8 | Q2457: 294 | R2457: =IF([1]生データ_製品!$F12568="生産品",[1]生データ_製品!$D12568,NA()) -> 292.6 | S2457: 292.5 | T2457: 293.9 | U2457: 291.1 | V2457: =IF([1]生データ_製品!$F15066="生産品",[1]生データ_製品!$D15066,NA()) -> 294.1 | W2457: 292.3 | X2457: 293.7 | Y2457: 290.9 | Z2457: =IF([1]生データ_製品!$F17776="生産品",[1]生データ_製品!$D17776,NA()) -> 296 | AA2457: 294.2 | AB2457: 295.6 | AC2457: 292.8 | AD2457: =IF([1]生データ_製品!$F20375="生産品",[1]生データ_製品!$D20375,NA()) -> 294.6 | AE2457: 295.2 | AF2457: 296.6 | AG2457: 293.8 | AH2457: =IF([1]生データ_製品!$F22968="生産品",[1]生データ_製品!$D22968,NA()) -> 293 | AI2457: 295.8 | AJ2457: 297.2 | AK2457: 294.4 | AL2457: =IF([1]生データ_製品!$F25516="生産品",[1]生データ_製品!$D25516,NA()) -> 295.4 | AM2457: 292.5 | AN2457: 293.9 | AO2457: 291.1 | AP2457: =IF([1]生データ_製品!$F28032="生産品",[1]生データ_製品!$D28032,NA()) -> 293 | AQ2457: 294.1 | AR2457: 295.5 | AS2457: 292.7 | AT2457: =IF([1]生データ_製品!$F30557="生産品",[1]生データ_製品!$D30557,NA()) -> 295.5 | AU2457: 293 | AV2457: 294.4 | AW2457: 291.6 | AX2457: =IF([1]生データ_製品!$F33208="生産品",[1]生データ_製品!$D33208,NA()) -> 296.1 | AY2457: 293.8 | AZ2457: 295.2 | BA2457: 292.4 | BB2457: =IF([1]生データ_製品!$F35705="生産品",[1]生データ_製品!$D35705,NA()) -> 293.7 | BC2457: 293.7 | BD2457: 295.1 | BE2457: 292.3 | BF2457: =IF([1]生データ_製品!$F38158="生産品",[1]生データ_製品!$D38158,NA()) -> 294.4 | BG2457: 293.6 | BH2457: 295 | BI2457: 292.2
A2458: 2454 | B2458: =IF([1]生データ_製品!$F2458="生産品",[1]生データ_製品!$D2458,NA()) -> 294.9 | C2458: 294.4 | D2458: 295.8 | E2458: 293 | F2458: =IF([1]生データ_製品!$F4917="生産品",[1]生データ_製品!$D4917,NA()) -> 296.6 | G2458: 295.2 | H2458: 296.64 | I2458: 293.8 | J2458: =IF([1]生データ_製品!$F7486="生産品",[1]生データ_製品!$D7486,NA()) -> 294.8 | K2458: 294.2 | L2458: 295.64 | M2458: 292.8 | N2458: =IF([1]生データ_製品!$F9955="生産品",[1]生データ_製品!$D9955,NA()) -> 296 | O2458: 295.4 | P2458: 296.8 | Q2458: 294 | R2458: =IF([1]生データ_製品!$F12569="生産品",[1]生データ_製品!$D12569,NA()) -> 292.5 | S2458: 292.5 | T2458: 293.9 | U2458: 291.1 | V2458: =IF([1]生データ_製品!$F15067="生産品",[1]生データ_製品!$D15067,NA()) -> 295.6 | W2458: 292.3 | X2458: 293.7 | Y2458: 290.9 | Z2458: =IF([1]生データ_製品!$F17777="生産品",[1]生データ_製品!$D17777,NA()) -> 294.2 | AA2458: 294.2 | AB2458: 295.6 | AC2458: 292.8 | AD2458: =IF([1]生データ_製品!$F20376="生産品",[1]生データ_製品!$D20376,NA()) -> 294.4 | AE2458: 295.2 | AF2458: 296.6 | AG2458: 293.8 | AH2458: =IF([1]生データ_製品!$F22969="生産品",[1]生データ_製品!$D22969,NA()) -> 292.6 | AI2458: 295.8 | AJ2458: 297.2 | AK2458: 294.4 | AL2458: =IF([1]生データ_製品!$F25517="生産品",[1]生データ_製品!$D25517,NA()) -> 294 | AM2458: 292.5 | AN2458: 293.9 | AO2458: 291.1 | AP2458: =IF([1]生データ_製品!$F28033="生産品",[1]生データ_製品!$D28033,NA()) -> 293.5 | AQ2458: 294.1 | AR2458: 295.5 | AS2458: 292.7 | AT2458: =IF([1]生データ_製品!$F30558="生産品",[1]生データ_製品!$D30558,NA()) -> 294.3 | AU2458: 293 | AV2458: 294.4 | AW2458: 291.6 | AX2458: =IF([1]生データ_製品!$F33209="生産品",[1]生データ_製品!$D33209,NA()) -> 294.1 | AY2458: 293.8 | AZ2458: 295.2 | BA2458: 292.4 | BC2458: 293.7 | BD2458: 295.1 | BE2458: 292.3 | BF2458: =IF([1]生データ_製品!$F38159="生産品",[1]生データ_製品!$D38159,NA()) -> 294.5 | BG2458: 293.6 | BH2458: 295 | BI2458: 292.2
A2459: 2455 | B2459: =IF([1]生データ_製品!$F2459="生産品",[1]生データ_製品!$D2459,NA()) -> 295.1 | C2459: 294.4 | D2459: 295.8 | E2459: 293 | F2459: =IF([1]生データ_製品!$F4918="生産品",[1]生データ_製品!$D4918,NA()) -> 296.7 | G2459: 295.2 | H2459: 296.64 | I2459: 293.8 | J2459: =IF([1]生データ_製品!$F7487="生産品",[1]生データ_製品!$D7487,NA()) -> 294.5 | K2459: 294.2 | L2459: 295.64 | M2459: 292.8 | N2459: =IF([1]生データ_製品!$F9956="生産品",[1]生データ_製品!$D9956,NA()) -> 293.1 | O2459: 295.4 | P2459: 296.8 | Q2459: 294 | R2459: =IF([1]生データ_製品!$F12570="生産品",[1]生データ_製品!$D12570,NA()) -> 291.9 | S2459: 292.5 | T2459: 293.9 | U2459: 291.1 | V2459: =IF([1]生データ_製品!$F15068="生産品",[1]生データ_製品!$D15068,NA()) -> 292.4 | W2459: 292.3 | X2459: 293.7 | Y2459: 290.9 | Z2459: =IF([1]生データ_製品!$F17778="生産品",[1]生データ_製品!$D17778,NA()) -> 295.9 | AA2459: 294.2 | AB2459: 295.6 | AC2459: 292.8 | AD2459: =IF([1]生データ_製品!$F20377="生産品",[1]生データ_製品!$D20377,NA()) -> 295.3 | AE2459: 295.2 | AF2459: 296.6 | AG2459: 293.8 | AH2459: =IF([1]生データ_製品!$F22970="生産品",[1]生データ_製品!$D22970,NA()) -> 292.7 | AI2459: 295.8 | AJ2459: 297.2 | AK2459: 294.4 | AL2459: =IF([1]生データ_製品!$F25518="生産品",[1]生データ_製品!$D25518,NA()) -> 295 | AM2459: 292.5 | AN2459: 293.9 | AO2459: 291.1 | AP2459: =IF([1]生データ_製品!$F28034="生産品",[1]生データ_製品!$D28034,NA()) -> 293.4 | AQ2459: 294.1 | AR2459: 295.5 | AS2459: 292.7 | AT2459: =IF([1]生データ_製品!$F30559="生産品",[1]生データ_製品!$D30559,NA()) -> 293.2 | AU2459: 293 | AV2459: 294.4 | AW2459: 291.6 | AX2459: =IF([1]生データ_製品!$F33210="生産品",[1]生データ_製品!$D33210,NA()) -> 293 | AY2459: 293.8 | AZ2459: 295.2 | BA2459: 292.4 | BC2459: 293.7 | BD2459: 295.1 | BE2459: 292.3 | BF2459: =IF([1]生データ_製品!$F38160="生産品",[1]生データ_製品!$D38160,NA()) -> 295.4 | BG2459: 293.6 | BH2459: 295 | BI2459: 292.2
A2460: 2456 | B2460: =IF([1]生データ_製品!$F2460="生産品",[1]生データ_製品!$D2460,NA()) -> 295.3 | C2460: 294.4 | D2460: 295.8 | E2460: 293 | F2460: =IF([1]生データ_製品!$F4919="生産品",[1]生データ_製品!$D4919,NA()) -> 296.1 | G2460: 295.2 | H2460: 296.64 | I2460: 293.8 | J2460: =IF([1]生データ_製品!$F7488="生産品",[1]生データ_製品!$D7488,NA()) -> 294.6 | K2460: 294.2 | L2460: 295.64 | M2460: 292.8 | N2460: =IF([1]生データ_製品!$F9957="生産品",[1]生データ_製品!$D9957,NA()) -> 295.3 | O2460: 295.4 | P2460: 296.8 | Q2460: 294 | R2460: =IF([1]生データ_製品!$F12571="生産品",[1]生データ_製品!$D12571,NA()) -> 291.8 | S2460: 292.5 | T2460: 293.9 | U2460: 291.1 | V2460: =IF([1]生データ_製品!$F15069="生産品",[1]生データ_製品!$D15069,NA()) -> 295 | W2460: 292.3 | X2460: 293.7 | Y2460: 290.9 | Z2460: =IF([1]生データ_製品!$F17779="生産品",[1]生データ_製品!$D17779,NA()) -> 296.2 | AA2460: 294.2 | AB2460: 295.6 | AC2460: 292.8 | AD2460: =IF([1]生データ_製品!$F20378="生産品",[1]生データ_製品!$D20378,NA()) -> 294.5 | AE2460: 295.2 | AF2460: 296.6 | AG2460: 293.8 | AH2460: =IF([1]生データ_製品!$F22971="生産品",[1]生データ_製品!$D22971,NA()) -> 292.9 | AI2460: 295.8 | AJ2460: 297.2 | AK2460: 294.4 | AL2460: =IF([1]生データ_製品!$F25519="生産品",[1]生データ_製品!$D25519,NA()) -> 293.8 | AM2460: 292.5 | AN2460: 293.9 | AO2460: 291.1 | AP2460: =IF([1]生データ_製品!$F28035="生産品",[1]生データ_製品!$D28035,NA()) -> 293 | AQ2460: 294.1 | AR2460: 295.5 | AS2460: 292.7 | AT2460: =IF([1]生データ_製品!$F30560="生産品",[1]生データ_製品!$D30560,NA()) -> 293 | AU2460: 293 | AV2460: 294.4 | AW2460: 291.6 | AX2460: =IF([1]生データ_製品!$F33211="生産品",[1]生データ_製品!$D33211,NA()) -> 294.2 | AY2460: 293.8 | AZ2460: 295.2 | BA2460: 292.4 | BC2460: 293.7 | BD2460: 295.1 | BE2460: 292.3 | BF2460: =IF([1]生データ_製品!$F38161="生産品",[1]生データ_製品!$D38161,NA()) -> 294.3 | BG2460: 293.6 | BH2460: 295 | BI2460: 292.2
A2461: 2457 | B2461: =IF([1]生データ_製品!$F2461="生産品",[1]生データ_製品!$D2461,NA()) -> 294.4 | C2461: 294.4 | D2461: 295.8 | E2461: 293 | F2461: =IF([1]生データ_製品!$F4920="生産品",[1]生データ_製品!$D4920,NA()) -> #N/A | G2461: 295.2 | H2461: 296.64 | I2461: 293.8 | J2461: =IF([1]生データ_製品!$F7489="生産品",[1]生データ_製品!$D7489,NA()) -> 294.6 | K2461: 294.2 | L2461: 295.64 | M2461: 292.8 | N2461: =IF([1]生データ_製品!$F9958="生産品",[1]生データ_製品!$D9958,NA()) -> 295.8 | O2461: 295.4 | P2461: 296.8 | Q2461: 294 | R2461: =IF([1]生データ_製品!$F12572="生産品",[1]生データ_製品!$D12572,NA()) -> 291.9 | S2461: 292.5 | T2461: 293.9 | U2461: 291.1 | V2461: =IF([1]生データ_製品!$F15070="生産品",[1]生データ_製品!$D15070,NA()) -> 294.5 | W2461: 292.3 | X2461: 293.7 | Y2461: 290.9 | Z2461: =IF([1]生データ_製品!$F17780="生産品",[1]生データ_製品!$D17780,NA()) -> 295.9 | AA2461: 294.2 | AB2461: 295.6 | AC2461: 292.8 | AD2461: =IF([1]生データ_製品!$F20379="生産品",[1]生データ_製品!$D20379,NA()) -> 294.4 | AE2461: 295.2 | AF2461: 296.6 | AG2461: 293.8 | AH2461: =IF([1]生データ_製品!$F22972="生産品",[1]生データ_製品!$D22972,NA()) -> 293 | AI2461: 295.8 | AJ2461: 297.2 | AK2461: 294.4 | AL2461: =IF([1]生データ_製品!$F25520="生産品",[1]生データ_製品!$D25520,NA()) -> 293.7 | AM2461: 292.5 | AN2461: 293.9 | AO2461: 291.1 | AP2461: =IF([1]生データ_製品!$F28036="生産品",[1]生データ_製品!$D28036,NA()) -> 292.7 | AQ2461: 294.1 | AR2461: 295.5 | AS2461: 292.7 | AT2461: =IF([1]生データ_製品!$F30561="生産品",[1]生データ_製品!$D30561,NA()) -> 294.9 | AU2461: 293 | AV2461: 294.4 | AW2461: 291.6 | AX2461: =IF([1]生データ_製品!$F33212="生産品",[1]生データ_製品!$D33212,NA()) -> 293 | AY2461: 293.8 | AZ2461: 295.2 | BA2461: 292.4 | BC2461: 293.7 | BD2461: 295.1 | BE2461: 292.3 | BF2461: =IF([1]生データ_製品!$F38162="生産品",[1]生データ_製品!$D38162,NA()) -> 295 | BG2461: 293.6 | BH2461: 295 | BI2461: 292.2
A2462: 2458 | B2462: =IF([1]生データ_製品!$F2462="生産品",[1]生データ_製品!$D2462,NA()) -> 294.6 | C2462: 294.4 | D2462: 295.8 | E2462: 293 | F2462: =IF([1]生データ_製品!$F4921="生産品",[1]生データ_製品!$D4921,NA()) -> 296.5 | G2462: 295.2 | H2462: 296.64 | I2462: 293.8 | J2462: =IF([1]生データ_製品!$F7490="生産品",[1]生データ_製品!$D7490,NA()) -> 295 | K2462: 294.2 | L2462: 295.64 | M2462: 292.8 | N2462: =IF([1]生データ_製品!$F9959="生産品",[1]生データ_製品!$D9959,NA()) -> 295.6 | O2462: 295.4 | P2462: 296.8 | Q2462: 294 | R2462: =IF([1]生データ_製品!$F12573="生産品",[1]生データ_製品!$D12573,NA()) -> 293.3 | S2462: 292.5 | T2462: 293.9 | U2462: 291.1 | V2462: =IF([1]生データ_製品!$F15071="生産品",[1]生データ_製品!$D15071,NA()) -> 294.6 | W2462: 292.3 | X2462: 293.7 | Y2462: 290.9 | Z2462: =IF([1]生データ_製品!$F17781="生産品",[1]生データ_製品!$D17781,NA()) -> 296.1 | AA2462: 294.2 | AB2462: 295.6 | AC2462: 292.8 | AD2462: =IF([1]生データ_製品!$F20380="生産品",[1]生データ_製品!$D20380,NA()) -> 294.2 | AE2462: 295.2 | AF2462: 296.6 | AG2462: 293.8 | AH2462: =IF([1]生データ_製品!$F22973="生産品",[1]生データ_製品!$D22973,NA()) -> 292.1 | AI2462: 295.8 | AJ2462: 297.2 | AK2462: 294.4 | AL2462: =IF([1]生データ_製品!$F25521="生産品",[1]生データ_製品!$D25521,NA()) -> 293.8 | AM2462: 292.5 | AN2462: 293.9 | AO2462: 291.1 | AP2462: =IF([1]生データ_製品!$F28037="生産品",[1]生データ_製品!$D28037,NA()) -> 293 | AQ2462: 294.1 | AR2462: 295.5 | AS2462: 292.7 | AT2462: =IF([1]生データ_製品!$F30562="生産品",[1]生データ_製品!$D30562,NA()) -> 294.2 | AU2462: 293 | AV2462: 294.4 | AW2462: 291.6 | AX2462: =IF([1]生データ_製品!$F33213="生産品",[1]生データ_製品!$D33213,NA()) -> 293.5 | AY2462: 293.8 | AZ2462: 295.2 | BA2462: 292.4 | BC2462: 293.7 | BD2462: 295.1 | BE2462: 292.3 | BF2462: =IF([1]生データ_製品!$F38163="生産品",[1]生データ_製品!$D38163,NA()) -> 294.7 | BG2462: 293.6 | BH2462: 295 | BI2462: 292.2
A2463: 2459 | B2463: =IF([1]生データ_製品!$F2463="生産品",[1]生データ_製品!$D2463,NA()) -> 295.2 | C2463: 294.4 | D2463: 295.8 | E2463: 293 | F2463: =IF([1]生データ_製品!$F4922="生産品",[1]生データ_製品!$D4922,NA()) -> 296.6 | G2463: 295.2 | H2463: 296.64 | I2463: 293.8 | J2463: =IF([1]生データ_製品!$F7491="生産品",[1]生データ_製品!$D7491,NA()) -> 294.5 | K2463: 294.2 | L2463: 295.64 | M2463: 292.8 | N2463: =IF([1]生データ_製品!$F9960="生産品",[1]生データ_製品!$D9960,NA()) -> 295.3 | O2463: 295.4 | P2463: 296.8 | Q2463: 294 | R2463: =IF([1]生データ_製品!$F12574="生産品",[1]生データ_製品!$D12574,NA()) -> 292.6 | S2463: 292.5 | T2463: 293.9 | U2463: 291.1 | V2463: =IF([1]生データ_製品!$F15072="生産品",[1]生データ_製品!$D15072,NA()) -> 294.5 | W2463: 292.3 | X2463: 293.7 | Y2463: 290.9 | Z2463: =IF([1]生データ_製品!$F17782="生産品",[1]生データ_製品!$D17782,NA()) -> 295.1 | AA2463: 294.2 | AB2463: 295.6 | AC2463: 292.8 | AD2463: =IF([1]生データ_製品!$F20381="生産品",[1]生データ_製品!$D20381,NA()) -> 294.4 | AE2463: 295.2 | AF2463: 296.6 | AG2463: 293.8 | AH2463: =IF([1]生データ_製品!$F22974="生産品",[1]生データ_製品!$D22974,NA()) -> 292.3 | AI2463: 295.8 | AJ2463: 297.2 | AK2463: 294.4 | AL2463: =IF([1]生データ_製品!$F25522="生産品",[1]生データ_製品!$D25522,NA()) -> 294.1 | AM2463: 292.5 | AN2463: 293.9 | AO2463: 291.1 | AP2463: =IF([1]生データ_製品!$F28038="生産品",[1]生データ_製品!$D28038,NA()) -> 293 | AQ2463: 294.1 | AR2463: 295.5 | AS2463: 292.7 | AT2463: =IF([1]生データ_製品!$F30563="生産品",[1]生データ_製品!$D30563,NA()) -> 293.2 | AU2463: 293 | AV2463: 294.4 | AW2463: 291.6 | AX2463: =IF([1]生データ_製品!$F33214="生産品",[1]生データ_製品!$D33214,NA()) -> 293.2 | AY2463: 293.8 | AZ2463: 295.2 | BA2463: 292.4 | BC2463: 293.7 | BD2463: 295.1 | BE2463: 292.3 | BF2463: =IF([1]生データ_製品!$F38164="生産品",[1]生データ_製品!$D38164,NA()) -> 294.3 | BG2463: 293.6 | BH2463: 295 | BI2463: 292.2
A2464: 2460 | C2464: 294.4 | D2464: 295.8 | E2464: 293 | F2464: =IF([1]生データ_製品!$F4923="生産品",[1]生データ_製品!$D4923,NA()) -> 296.6 | G2464: 295.2 | H2464: 296.64 | I2464: 293.8 | J2464: =IF([1]生データ_製品!$F7492="生産品",[1]生データ_製品!$D7492,NA()) -> 294.6 | K2464: 294.2 | L2464: 295.64 | M2464: 292.8 | N2464: =IF([1]生データ_製品!$F9961="生産品",[1]生データ_製品!$D9961,NA()) -> 295 | O2464: 295.4 | P2464: 296.8 | Q2464: 294 | R2464: =IF([1]生データ_製品!$F12575="生産品",[1]生データ_製品!$D12575,NA()) -> 291.9 | S2464: 292.5 | T2464: 293.9 | U2464: 291.1 | V2464: =IF([1]生データ_製品!$F15073="生産品",[1]生データ_製品!$D15073,NA()) -> 294.5 | W2464: 292.3 | X2464: 293.7 | Y2464: 290.9 | Z2464: =IF([1]生データ_製品!$F17783="生産品",[1]生データ_製品!$D17783,NA()) -> 295.3 | AA2464: 294.2 | AB2464: 295.6 | AC2464: 292.8 | AD2464: =IF([1]生データ_製品!$F20382="生産品",[1]生データ_製品!$D20382,NA()) -> 294.9 | AE2464: 295.2 | AF2464: 296.6 | AG2464: 293.8 | AH2464: =IF([1]生データ_製品!$F22975="生産品",[1]生データ_製品!$D22975,NA()) -> 292.4 | AI2464: 295.8 | AJ2464: 297.2 | AK2464: 294.4 | AL2464: =IF([1]生データ_製品!$F25523="生産品",[1]生データ_製品!$D25523,NA()) -> 294.5 | AM2464: 292.5 | AN2464: 293.9 | AO2464: 291.1 | AP2464: =IF([1]生データ_製品!$F28039="生産品",[1]生データ_製品!$D28039,NA()) -> 293 | AQ2464: 294.1 | AR2464: 295.5 | AS2464: 292.7 | AT2464: =IF([1]生データ_製品!$F30564="生産品",[1]生データ_製品!$D30564,NA()) -> 294 | AU2464: 293 | AV2464: 294.4 | AW2464: 291.6 | AX2464: =IF([1]生データ_製品!$F33215="生産品",[1]生データ_製品!$D33215,NA()) -> 295 | AY2464: 293.8 | AZ2464: 295.2 | BA2464: 292.4 | BC2464: 293.7 | BD2464: 295.1 | BE2464: 292.3 | BF2464: =IF([1]生データ_製品!$F38165="生産品",[1]生データ_製品!$D38165,NA()) -> 294.4 | BG2464: 293.6 | BH2464: 295 | BI2464: 292.2
A2465: 2461 | C2465: 294.4 | D2465: 295.8 | E2465: 293 | F2465: =IF([1]生データ_製品!$F4924="生産品",[1]生データ_製品!$D4924,NA()) -> 296.5 | G2465: 295.2 | H2465: 296.64 | I2465: 293.8 | J2465: =IF([1]生データ_製品!$F7493="生産品",[1]生データ_製品!$D7493,NA()) -> 294.6 | K2465: 294.2 | L2465: 295.64 | M2465: 292.8 | N2465: =IF([1]生データ_製品!$F9962="生産品",[1]生データ_製品!$D9962,NA()) -> 295.4 | O2465: 295.4 | P2465: 296.8 | Q2465: 294 | R2465: =IF([1]生データ_製品!$F12576="生産品",[1]生データ_製品!$D12576,NA()) -> 292.2 | S2465: 292.5 | T2465: 293.9 | U2465: 291.1 | V2465: =IF([1]生データ_製品!$F15074="生産品",[1]生データ_製品!$D15074,NA()) -> 292.3 | W2465: 292.3 | X2465: 293.7 | Y2465: 290.9 | Z2465: =IF([1]生データ_製品!$F17784="生産品",[1]生データ_製品!$D17784,NA()) -> 295 | AA2465: 294.2 | AB2465: 295.6 | AC2465: 292.8 | AD2465: =IF([1]生データ_製品!$F20383="生産品",[1]生データ_製品!$D20383,NA()) -> 296.2 | AE2465: 295.2 | AF2465: 296.6 | AG2465: 293.8 | AH2465: =IF([1]生データ_製品!$F22976="生産品",[1]生データ_製品!$D22976,NA()) -> 291.6 | AI2465: 295.8 | AJ2465: 297.2 | AK2465: 294.4 | AL2465: =IF([1]生データ_製品!$F25524="生産品",[1]生データ_製品!$D25524,NA()) -> 295.1 | AM2465: 292.5 | AN2465: 293.9 | AO2465: 291.1 | AP2465: =IF([1]生データ_製品!$F28040="生産品",[1]生データ_製品!$D28040,NA()) -> 292.8 | AQ2465: 294.1 | AR2465: 295.5 | AS2465: 292.7 | AT2465: =IF([1]生データ_製品!$F30565="生産品",[1]生データ_製品!$D30565,NA()) -> 293.9 | AU2465: 293 | AV2465: 294.4 | AW2465: 291.6 | AX2465: =IF([1]生データ_製品!$F33216="生産品",[1]生データ_製品!$D33216,NA()) -> 293 | AY2465: 293.8 | AZ2465: 295.2 | BA2465: 292.4 | BC2465: 293.7 | BD2465: 295.1 | BE2465: 292.3 | BF2465: =IF([1]生データ_製品!$F38166="生産品",[1]生データ_製品!$D38166,NA()) -> 294.5 | BG2465: 293.6 | BH2465: 295 | BI2465: 292.2
A2466: 2462 | C2466: 294.4 | D2466: 295.8 | E2466: 293 | F2466: =IF([1]生データ_製品!$F4925="生産品",[1]生データ_製品!$D4925,NA()) -> 296.7 | G2466: 295.2 | H2466: 296.64 | I2466: 293.8 | J2466: =IF([1]生データ_製品!$F7494="生産品",[1]生データ_製品!$D7494,NA()) -> 294.8 | K2466: 294.2 | L2466: 295.64 | M2466: 292.8 | N2466: =IF([1]生データ_製品!$F9963="生産品",[1]生データ_製品!$D9963,NA()) -> 295.2 | O2466: 295.4 | P2466: 296.8 | Q2466: 294 | R2466: =IF([1]生データ_製品!$F12577="生産品",[1]生データ_製品!$D12577,NA()) -> 292.7 | S2466: 292.5 | T2466: 293.9 | U2466: 291.1 | V2466: =IF([1]生データ_製品!$F15075="生産品",[1]生データ_製品!$D15075,NA()) -> 292.5 | W2466: 292.3 | X2466: 293.7 | Y2466: 290.9 | Z2466: =IF([1]生データ_製品!$F17785="生産品",[1]生データ_製品!$D17785,NA()) -> 293.7 | AA2466: 294.2 | AB2466: 295.6 | AC2466: 292.8 | AD2466: =IF([1]生データ_製品!$F20384="生産品",[1]生データ_製品!$D20384,NA()) -> 295.2 | AE2466: 295.2 | AF2466: 296.6 | AG2466: 293.8 | AH2466: =IF([1]生データ_製品!$F22977="生産品",[1]生データ_製品!$D22977,NA()) -> 292.7 | AI2466: 295.8 | AJ2466: 297.2 | AK2466: 294.4 | AL2466: =IF([1]生データ_製品!$F25525="生産品",[1]生データ_製品!$D25525,NA()) -> 293.5 | AM2466: 292.5 | AN2466: 293.9 | AO2466: 291.1 | AP2466: =IF([1]生データ_製品!$F28041="生産品",[1]生データ_製品!$D28041,NA()) -> 292.5 | AQ2466: 294.1 | AR2466: 295.5 | AS2466: 292.7 | AT2466: =IF([1]生データ_製品!$F30566="生産品",[1]生データ_製品!$D30566,NA()) -> 293.1 | AU2466: 293 | AV2466: 294.4 | AW2466: 291.6 | AX2466: =IF([1]生データ_製品!$F33217="生産品",[1]生データ_製品!$D33217,NA()) -> 293 | AY2466: 293.8 | AZ2466: 295.2 | BA2466: 292.4 | BC2466: 293.7 | BD2466: 295.1 | BE2466: 292.3 | BF2466: =IF([1]生データ_製品!$F38167="生産品",[1]生データ_製品!$D38167,NA()) -> 294.4 | BG2466: 293.6 | BH2466: 295 | BI2466: 292.2
A2467: 2463 | C2467: 294.4 | D2467: 295.8 | E2467: 293 | F2467: =IF([1]生データ_製品!$F4926="生産品",[1]生データ_製品!$D4926,NA()) -> 296.6 | G2467: 295.2 | H2467: 296.64 | I2467: 293.8 | J2467: =IF([1]生データ_製品!$F7495="生産品",[1]生データ_製品!$D7495,NA()) -> 294.8 | K2467: 294.2 | L2467: 295.64 | M2467: 292.8 | N2467: =IF([1]生データ_製品!$F9964="生産品",[1]生データ_製品!$D9964,NA()) -> 295.9 | O2467: 295.4 | P2467: 296.8 | Q2467: 294 | R2467: =IF([1]生データ_製品!$F12578="生産品",[1]生データ_製品!$D12578,NA()) -> 293.3 | S2467: 292.5 | T2467: 293.9 | U2467: 291.1 | V2467: =IF([1]生データ_製品!$F15076="生産品",[1]生データ_製品!$D15076,NA()) -> 295.1 | W2467: 292.3 | X2467: 293.7 | Y2467: 290.9 | Z2467: =IF([1]生データ_製品!$F17786="生産品",[1]生データ_製品!$D17786,NA()) -> 295.5 | AA2467: 294.2 | AB2467: 295.6 | AC2467: 292.8 | AD2467: =IF([1]生データ_製品!$F20385="生産品",[1]生データ_製品!$D20385,NA()) -> 296.1 | AE2467: 295.2 | AF2467: 296.6 | AG2467: 293.8 | AH2467: =IF([1]生データ_製品!$F22978="生産品",[1]生データ_製品!$D22978,NA()) -> 292.5 | AI2467: 295.8 | AJ2467: 297.2 | AK2467: 294.4 | AL2467: =IF([1]生データ_製品!$F25526="生産品",[1]生データ_製品!$D25526,NA()) -> 293.6 | AM2467: 292.5 | AN2467: 293.9 | AO2467: 291.1 | AP2467: =IF([1]生データ_製品!$F28042="生産品",[1]生データ_製品!$D28042,NA()) -> 292.4 | AQ2467: 294.1 | AR2467: 295.5 | AS2467: 292.7 | AT2467: =IF([1]生データ_製品!$F30567="生産品",[1]生データ_製品!$D30567,NA()) -> 295.1 | AU2467: 293 | AV2467: 294.4 | AW2467: 291.6 | AX2467: =IF([1]生データ_製品!$F33218="生産品",[1]生データ_製品!$D33218,NA()) -> 293.6 | AY2467: 293.8 | AZ2467: 295.2 | BA2467: 292.4 | BC2467: 293.7 | BD2467: 295.1 | BE2467: 292.3 | BF2467: =IF([1]生データ_製品!$F38168="生産品",[1]生データ_製品!$D38168,NA()) -> 294.3 | BG2467: 293.6 | BH2467: 295 | BI2467: 292.2
A2468: 2464 | C2468: 294.4 | D2468: 295.8 | E2468: 293 | F2468: =IF([1]生データ_製品!$F4927="生産品",[1]生データ_製品!$D4927,NA()) -> 294.1 | G2468: 295.2 | H2468: 296.64 | I2468: 293.8 | J2468: =IF([1]生データ_製品!$F7496="生産品",[1]生データ_製品!$D7496,NA()) -> 294.8 | K2468: 294.2 | L2468: 295.64 | M2468: 292.8 | N2468: =IF([1]生データ_製品!$F9965="生産品",[1]生データ_製品!$D9965,NA()) -> 295.2 | O2468: 295.4 | P2468: 296.8 | Q2468: 294 | R2468: =IF([1]生データ_製品!$F12579="生産品",[1]生データ_製品!$D12579,NA()) -> 293.3 | S2468: 292.5 | T2468: 293.9 | U2468: 291.1 | V2468: =IF([1]生データ_製品!$F15077="生産品",[1]生データ_製品!$D15077,NA()) -> 292.8 | W2468: 292.3 | X2468: 293.7 | Y2468: 290.9 | Z2468: =IF([1]生データ_製品!$F17787="生産品",[1]生データ_製品!$D17787,NA()) -> 295.9 | AA2468: 294.2 | AB2468: 295.6 | AC2468: 292.8 | AD2468: =IF([1]生データ_製品!$F20386="生産品",[1]生データ_製品!$D20386,NA()) -> 296.1 | AE2468: 295.2 | AF2468: 296.6 | AG2468: 293.8 | AH2468: =IF([1]生データ_製品!$F22979="生産品",[1]生データ_製品!$D22979,NA()) -> 292.6 | AI2468: 295.8 | AJ2468: 297.2 | AK2468: 294.4 | AL2468: =IF([1]生データ_製品!$F25527="生産品",[1]生データ_製品!$D25527,NA()) -> 293.7 | AM2468: 292.5 | AN2468: 293.9 | AO2468: 291.1 | AP2468: =IF([1]生データ_製品!$F28043="生産品",[1]生データ_製品!$D28043,NA()) -> 292.6 | AQ2468: 294.1 | AR2468: 295.5 | AS2468: 292.7 | AT2468: =IF([1]生データ_製品!$F30568="生産品",[1]生データ_製品!$D30568,NA()) -> 293 | AU2468: 293 | AV2468: 294.4 | AW2468: 291.6 | AX2468: =IF([1]生データ_製品!$F33219="生産品",[1]生データ_製品!$D33219,NA()) -> 294.4 | AY2468: 293.8 | AZ2468: 295.2 | BA2468: 292.4 | BC2468: 293.7 | BD2468: 295.1 | BE2468: 292.3 | BF2468: =IF([1]生データ_製品!$F38169="生産品",[1]生データ_製品!$D38169,NA()) -> 292.8 | BG2468: 293.6 | BH2468: 295 | BI2468: 292.2
A2469: 2465 | C2469: 294.4 | D2469: 295.8 | E2469: 293 | F2469: =IF([1]生データ_製品!$F4928="生産品",[1]生データ_製品!$D4928,NA()) -> 293.9 | G2469: 295.2 | H2469: 296.64 | I2469: 293.8 | J2469: =IF([1]生データ_製品!$F7497="生産品",[1]生データ_製品!$D7497,NA()) -> 294.6 | K2469: 294.2 | L2469: 295.64 | M2469: 292.8 | N2469: =IF([1]生データ_製品!$F9966="生産品",[1]生データ_製品!$D9966,NA()) -> 296 | O2469: 295.4 | P2469: 296.8 | Q2469: 294 | R2469: =IF([1]生データ_製品!$F12580="生産品",[1]生データ_製品!$D12580,NA()) -> 292.4 | S2469: 292.5 | T2469: 293.9 | U2469: 291.1 | V2469: =IF([1]生データ_製品!$F15078="生産品",[1]生データ_製品!$D15078,NA()) -> 292.3 | W2469: 292.3 | X2469: 293.7 | Y2469: 290.9 | Z2469: =IF([1]生データ_製品!$F17788="生産品",[1]生データ_製品!$D17788,NA()) -> 293.5 | AA2469: 294.2 | AB2469: 295.6 | AC2469: 292.8 | AD2469: =IF([1]生データ_製品!$F20387="生産品",[1]生データ_製品!$D20387,NA()) -> 295.2 | AE2469: 295.2 | AF2469: 296.6 | AG2469: 293.8 | AH2469: =IF([1]生データ_製品!$F22980="生産品",[1]生データ_製品!$D22980,NA()) -> 292.6 | AI2469: 295.8 | AJ2469: 297.2 | AK2469: 294.4 | AL2469: =IF([1]生データ_製品!$F25528="生産品",[1]生データ_製品!$D25528,NA()) -> 294.8 | AM2469: 292.5 | AN2469: 293.9 | AO2469: 291.1 | AP2469: =IF([1]生データ_製品!$F28044="生産品",[1]生データ_製品!$D28044,NA()) -> 293.1 | AQ2469: 294.1 | AR2469: 295.5 | AS2469: 292.7 | AT2469: =IF([1]生データ_製品!$F30569="生産品",[1]生データ_製品!$D30569,NA()) -> 293.1 | AU2469: 293 | AV2469: 294.4 | AW2469: 291.6 | AX2469: =IF([1]生データ_製品!$F33220="生産品",[1]生データ_製品!$D33220,NA()) -> 293.4 | AY2469: 293.8 | AZ2469: 295.2 | BA2469: 292.4 | BC2469: 293.7 | BD2469: 295.1 | BE2469: 292.3 | BF2469: =IF([1]生データ_製品!$F38170="生産品",[1]生データ_製品!$D38170,NA()) -> 295 | BG2469: 293.6 | BH2469: 295 | BI2469: 292.2
A2470: 2466 | C2470: 294.4 | D2470: 295.8 | E2470: 293 | F2470: =IF([1]生データ_製品!$F4929="生産品",[1]生データ_製品!$D4929,NA()) -> 294 | G2470: 295.2 | H2470: 296.64 | I2470: 293.8 | J2470: =IF([1]生データ_製品!$F7498="生産品",[1]生データ_製品!$D7498,NA()) -> 294.6 | K2470: 294.2 | L2470: 295.64 | M2470: 292.8 | N2470: =IF([1]生データ_製品!$F9967="生産品",[1]生データ_製品!$D9967,NA()) -> 295.3 | O2470: 295.4 | P2470: 296.8 | Q2470: 294 | R2470: =IF([1]生データ_製品!$F12581="生産品",[1]生データ_製品!$D12581,NA()) -> 293.1 | S2470: 292.5 | T2470: 293.9 | U2470: 291.1 | V2470: =IF([1]生データ_製品!$F15079="生産品",[1]生データ_製品!$D15079,NA()) -> 292.5 | W2470: 292.3 | X2470: 293.7 | Y2470: 290.9 | Z2470: =IF([1]生データ_製品!$F17789="生産品",[1]生データ_製品!$D17789,NA()) -> 294.9 | AA2470: 294.2 | AB2470: 295.6 | AC2470: 292.8 | AD2470: =IF([1]生データ_製品!$F20388="生産品",[1]生データ_製品!$D20388,NA()) -> 295.8 | AE2470: 295.2 | AF2470: 296.6 | AG2470: 293.8 | AH2470: =IF([1]生データ_製品!$F22981="生産品",[1]生データ_製品!$D22981,NA()) -> 292.4 | AI2470: 295.8 | AJ2470: 297.2 | AK2470: 294.4 | AL2470: =IF([1]生データ_製品!$F25529="生産品",[1]生データ_製品!$D25529,NA()) -> 293.9 | AM2470: 292.5 | AN2470: 293.9 | AO2470: 291.1 | AP2470: =IF([1]生データ_製品!$F28045="生産品",[1]生データ_製品!$D28045,NA()) -> 292.7 | AQ2470: 294.1 | AR2470: 295.5 | AS2470: 292.7 | AT2470: =IF([1]生データ_製品!$F30570="生産品",[1]生データ_製品!$D30570,NA()) -> 294 | AU2470: 293 | AV2470: 294.4 | AW2470: 291.6 | AX2470: =IF([1]生データ_製品!$F33221="生産品",[1]生データ_製品!$D33221,NA()) -> 293.7 | AY2470: 293.8 | AZ2470: 295.2 | BA2470: 292.4 | BC2470: 293.7 | BD2470: 295.1 | BE2470: 292.3 | BF2470: =IF([1]生データ_製品!$F38171="生産品",[1]生データ_製品!$D38171,NA()) -> #N/A | BG2470: 293.6 | BH2470: 295 | BI2470: 292.2
A2471: 2467 | C2471: 294.4 | D2471: 295.8 | E2471: 293 | F2471: =IF([1]生データ_製品!$F4930="生産品",[1]生データ_製品!$D4930,NA()) -> 293.8 | G2471: 295.2 | H2471: 296.64 | I2471: 293.8 | J2471: =IF([1]生データ_製品!$F7499="生産品",[1]生データ_製品!$D7499,NA()) -> 294.4 | K2471: 294.2 | L2471: 295.64 | M2471: 292.8 | N2471: =IF([1]生データ_製品!$F9968="生産品",[1]生データ_製品!$D9968,NA()) -> 295.7 | O2471: 295.4 | P2471: 296.8 | Q2471: 294 | R2471: =IF([1]生データ_製品!$F12582="生産品",[1]生データ_製品!$D12582,NA()) -> 292.2 | S2471: 292.5 | T2471: 293.9 | U2471: 291.1 | V2471: =IF([1]生データ_製品!$F15080="生産品",[1]生データ_製品!$D15080,NA()) -> 292.5 | W2471: 292.3 | X2471: 293.7 | Y2471: 290.9 | Z2471: =IF([1]生データ_製品!$F17790="生産品",[1]生データ_製品!$D17790,NA()) -> 294.9 | AA2471: 294.2 | AB2471: 295.6 | AC2471: 292.8 | AD2471: =IF([1]生データ_製品!$F20389="生産品",[1]生データ_製品!$D20389,NA()) -> 295.3 | AE2471: 295.2 | AF2471: 296.6 | AG2471: 293.8 | AH2471: =IF([1]生データ_製品!$F22982="生産品",[1]生データ_製品!$D22982,NA()) -> 291.3 | AI2471: 295.8 | AJ2471: 297.2 | AK2471: 294.4 | AL2471: =IF([1]生データ_製品!$F25530="生産品",[1]生データ_製品!$D25530,NA()) -> 294.9 | AM2471: 292.5 | AN2471: 293.9 | AO2471: 291.1 | AP2471: =IF([1]生データ_製品!$F28046="生産品",[1]生データ_製品!$D28046,NA()) -> 292.7 | AQ2471: 294.1 | AR2471: 295.5 | AS2471: 292.7 | AT2471: =IF([1]生データ_製品!$F30571="生産品",[1]生データ_製品!$D30571,NA()) -> 294.8 | AU2471: 293 | AV2471: 294.4 | AW2471: 291.6 | AX2471: =IF([1]生データ_製品!$F33222="生産品",[1]生データ_製品!$D33222,NA()) -> 293.8 | AY2471: 293.8 | AZ2471: 295.2 | BA2471: 292.4 | BC2471: 293.7 | BD2471: 295.1 | BE2471: 292.3 | BF2471: =IF([1]生データ_製品!$F38172="生産品",[1]生データ_製品!$D38172,NA()) -> 294.9 | BG2471: 293.6 | BH2471: 295 | BI2471: 292.2
A2472: 2468 | C2472: 294.4 | D2472: 295.8 | E2472: 293 | F2472: =IF([1]生データ_製品!$F4931="生産品",[1]生データ_製品!$D4931,NA()) -> 293.7 | G2472: 295.2 | H2472: 296.64 | I2472: 293.8 | J2472: =IF([1]生データ_製品!$F7500="生産品",[1]生データ_製品!$D7500,NA()) -> 294.5 | K2472: 294.2 | L2472: 295.64 | M2472: 292.8 | N2472: =IF([1]生データ_製品!$F9969="生産品",[1]生データ_製品!$D9969,NA()) -> 295.2 | O2472: 295.4 | P2472: 296.8 | Q2472: 294 | R2472: =IF([1]生データ_製品!$F12583="生産品",[1]生データ_製品!$D12583,NA()) -> 292.2 | S2472: 292.5 | T2472: 293.9 | U2472: 291.1 | V2472: =IF([1]生データ_製品!$F15081="生産品",[1]生データ_製品!$D15081,NA()) -> 291.8 | W2472: 292.3 | X2472: 293.7 | Y2472: 290.9 | Z2472: =IF([1]生データ_製品!$F17791="生産品",[1]生データ_製品!$D17791,NA()) -> 294.3 | AA2472: 294.2 | AB2472: 295.6 | AC2472: 292.8 | AD2472: =IF([1]生データ_製品!$F20390="生産品",[1]生データ_製品!$D20390,NA()) -> 294.9 | AE2472: 295.2 | AF2472: 296.6 | AG2472: 293.8 | AH2472: =IF([1]生データ_製品!$F22983="生産品",[1]生データ_製品!$D22983,NA()) -> 292.1 | AI2472: 295.8 | AJ2472: 297.2 | AK2472: 294.4 | AL2472: =IF([1]生データ_製品!$F25531="生産品",[1]生データ_製品!$D25531,NA()) -> 292.7 | AM2472: 292.5 | AN2472: 293.9 | AO2472: 291.1 | AP2472: =IF([1]生データ_製品!$F28047="生産品",[1]生データ_製品!$D28047,NA()) -> 293.2 | AQ2472: 294.1 | AR2472: 295.5 | AS2472: 292.7 | AT2472: =IF([1]生データ_製品!$F30572="生産品",[1]生データ_製品!$D30572,NA()) -> 293 | AU2472: 293 | AV2472: 294.4 | AW2472: 291.6 | AX2472: =IF([1]生データ_製品!$F33223="生産品",[1]生データ_製品!$D33223,NA()) -> 294.6 | AY2472: 293.8 | AZ2472: 295.2 | BA2472: 292.4 | BC2472: 293.7 | BD2472: 295.1 | BE2472: 292.3 | BF2472: =IF([1]生データ_製品!$F38173="生産品",[1]生データ_製品!$D38173,NA()) -> 294.2 | BG2472: 293.6 | BH2472: 295 | BI2472: 292.2
A2473: 2469 | C2473: 294.4 | D2473: 295.8 | E2473: 293 | F2473: =IF([1]生データ_製品!$F4932="生産品",[1]生データ_製品!$D4932,NA()) -> 296.4 | G2473: 295.2 | H2473: 296.64 | I2473: 293.8 | J2473: =IF([1]生データ_製品!$F7501="生産品",[1]生データ_製品!$D7501,NA()) -> 294.2 | K2473: 294.2 | L2473: 295.64 | M2473: 292.8 | N2473: =IF([1]生データ_製品!$F9970="生産品",[1]生データ_製品!$D9970,NA()) -> 295.4 | O2473: 295.4 | P2473: 296.8 | Q2473: 294 | R2473: =IF([1]生データ_製品!$F12584="生産品",[1]生データ_製品!$D12584,NA()) -> 292 | S2473: 292.5 | T2473: 293.9 | U2473: 291.1 | V2473: =IF([1]生データ_製品!$F15082="生産品",[1]生データ_製品!$D15082,NA()) -> 292.7 | W2473: 292.3 | X2473: 293.7 | Y2473: 290.9 | Z2473: =IF([1]生データ_製品!$F17792="生産品",[1]生データ_製品!$D17792,NA()) -> 295.1 | AA2473: 294.2 | AB2473: 295.6 | AC2473: 292.8 | AD2473: =IF([1]生データ_製品!$F20391="生産品",[1]生データ_製品!$D20391,NA()) -> 295.1 | AE2473: 295.2 | AF2473: 296.6 | AG2473: 293.8 | AH2473: =IF([1]生データ_製品!$F22984="生産品",[1]生データ_製品!$D22984,NA()) -> 292.7 | AI2473: 295.8 | AJ2473: 297.2 | AK2473: 294.4 | AL2473: =IF([1]生データ_製品!$F25532="生産品",[1]生データ_製品!$D25532,NA()) -> 293.8 | AM2473: 292.5 | AN2473: 293.9 | AO2473: 291.1 | AP2473: =IF([1]生データ_製品!$F28048="生産品",[1]生データ_製品!$D28048,NA()) -> 293.2 | AQ2473: 294.1 | AR2473: 295.5 | AS2473: 292.7 | AT2473: =IF([1]生データ_製品!$F30573="生産品",[1]生データ_製品!$D30573,NA()) -> 291.9 | AU2473: 293 | AV2473: 294.4 | AW2473: 291.6 | AX2473: =IF([1]生データ_製品!$F33224="生産品",[1]生データ_製品!$D33224,NA()) -> 292.7 | AY2473: 293.8 | AZ2473: 295.2 | BA2473: 292.4 | BC2473: 293.7 | BD2473: 295.1 | BE2473: 292.3 | BF2473: =IF([1]生データ_製品!$F38174="生産品",[1]生データ_製品!$D38174,NA()) -> 293.5 | BG2473: 293.6 | BH2473: 295 | BI2473: 292.2
A2474: 2470 | C2474: 294.4 | D2474: 295.8 | E2474: 293 | F2474: =IF([1]生データ_製品!$F4933="生産品",[1]生データ_製品!$D4933,NA()) -> 294.1 | G2474: 295.2 | H2474: 296.64 | I2474: 293.8 | K2474: 294.2 | L2474: 295.64 | M2474: 292.8 | N2474: =IF([1]生データ_製品!$F9971="生産品",[1]生データ_製品!$D9971,NA()) -> 296.1 | O2474: 295.4 | P2474: 296.8 | Q2474: 294 | R2474: =IF([1]生データ_製品!$F12585="生産品",[1]生データ_製品!$D12585,NA()) -> 292 | S2474: 292.5 | T2474: 293.9 | U2474: 291.1 | V2474: =IF([1]生データ_製品!$F15083="生産品",[1]生データ_製品!$D15083,NA()) -> 292.3 | W2474: 292.3 | X2474: 293.7 | Y2474: 290.9 | Z2474: =IF([1]生データ_製品!$F17793="生産品",[1]生データ_製品!$D17793,NA()) -> 295.5 | AA2474: 294.2 | AB2474: 295.6 | AC2474: 292.8 | AD2474: =IF([1]生データ_製品!$F20392="生産品",[1]生データ_製品!$D20392,NA()) -> 294.9 | AE2474: 295.2 | AF2474: 296.6 | AG2474: 293.8 | AH2474: =IF([1]生データ_製品!$F22985="生産品",[1]生データ_製品!$D22985,NA()) -> 293.2 | AI2474: 295.8 | AJ2474: 297.2 | AK2474: 294.4 | AL2474: =IF([1]生データ_製品!$F25533="生産品",[1]生データ_製品!$D25533,NA()) -> 294.2 | AM2474: 292.5 | AN2474: 293.9 | AO2474: 291.1 | AP2474: =IF([1]生データ_製品!$F28049="生産品",[1]生データ_製品!$D28049,NA()) -> 293.1 | AQ2474: 294.1 | AR2474: 295.5 | AS2474: 292.7 | AT2474: =IF([1]生データ_製品!$F30574="生産品",[1]生データ_製品!$D30574,NA()) -> 293.9 | AU2474: 293 | AV2474: 294.4 | AW2474: 291.6 | AX2474: =IF([1]生データ_製品!$F33225="生産品",[1]生データ_製品!$D33225,NA()) -> 293 | AY2474: 293.8 | AZ2474: 295.2 | BA2474: 292.4 | BC2474: 293.7 | BD2474: 295.1 | BE2474: 292.3 | BF2474: =IF([1]生データ_製品!$F38175="生産品",[1]生データ_製品!$D38175,NA()) -> 294.7 | BG2474: 293.6 | BH2474: 295 | BI2474: 292.2
A2475: 2471 | C2475: 294.4 | D2475: 295.8 | E2475: 293 | F2475: =IF([1]生データ_製品!$F4934="生産品",[1]生データ_製品!$D4934,NA()) -> 296.9 | G2475: 295.2 | H2475: 296.64 | I2475: 293.8 | K2475: 294.2 | L2475: 295.64 | M2475: 292.8 | N2475: =IF([1]生データ_製品!$F9972="生産品",[1]生データ_製品!$D9972,NA()) -> 295.9 | O2475: 295.4 | P2475: 296.8 | Q2475: 294 | R2475: =IF([1]生データ_製品!$F12586="生産品",[1]生データ_製品!$D12586,NA()) -> 292.7 | S2475: 292.5 | T2475: 293.9 | U2475: 291.1 | V2475: =IF([1]生データ_製品!$F15084="生産品",[1]生データ_製品!$D15084,NA()) -> 292.7 | W2475: 292.3 | X2475: 293.7 | Y2475: 290.9 | Z2475: =IF([1]生データ_製品!$F17794="生産品",[1]生データ_製品!$D17794,NA()) -> 296.2 | AA2475: 294.2 | AB2475: 295.6 | AC2475: 292.8 | AD2475: =IF([1]生データ_製品!$F20393="生産品",[1]生データ_製品!$D20393,NA()) -> 294.5 | AE2475: 295.2 | AF2475: 296.6 | AG2475: 293.8 | AH2475: =IF([1]生データ_製品!$F22986="生産品",[1]生データ_製品!$D22986,NA()) -> 292.6 | AI2475: 295.8 | AJ2475: 297.2 | AK2475: 294.4 | AL2475: =IF([1]生データ_製品!$F25534="生産品",[1]生データ_製品!$D25534,NA()) -> 292.9 | AM2475: 292.5 | AN2475: 293.9 | AO2475: 291.1 | AP2475: =IF([1]生データ_製品!$F28050="生産品",[1]生データ_製品!$D28050,NA()) -> 293.2 | AQ2475: 294.1 | AR2475: 295.5 | AS2475: 292.7 | AT2475: =IF([1]生データ_製品!$F30575="生産品",[1]生データ_製品!$D30575,NA()) -> 294.8 | AU2475: 293 | AV2475: 294.4 | AW2475: 291.6 | AX2475: =IF([1]生データ_製品!$F33226="生産品",[1]生データ_製品!$D33226,NA()) -> 293 | AY2475: 293.8 | AZ2475: 295.2 | BA2475: 292.4 | BC2475: 293.7 | BD2475: 295.1 | BE2475: 292.3 | BF2475: =IF([1]生データ_製品!$F38176="生産品",[1]生データ_製品!$D38176,NA()) -> 293 | BG2475: 293.6 | BH2475: 295 | BI2475: 292.2
A2476: 2472 | C2476: 294.4 | D2476: 295.8 | E2476: 293 | F2476: =IF([1]生データ_製品!$F4935="生産品",[1]生データ_製品!$D4935,NA()) -> 293.9 | G2476: 295.2 | H2476: 296.64 | I2476: 293.8 | K2476: 294.2 | L2476: 295.64 | M2476: 292.8 | N2476: =IF([1]生データ_製品!$F9973="生産品",[1]生データ_製品!$D9973,NA()) -> 295.8 | O2476: 295.4 | P2476: 296.8 | Q2476: 294 | R2476: =IF([1]生データ_製品!$F12587="生産品",[1]生データ_製品!$D12587,NA()) -> 292.4 | S2476: 292.5 | T2476: 293.9 | U2476: 291.1 | V2476: =IF([1]生データ_製品!$F15085="生産品",[1]生データ_製品!$D15085,NA()) -> 291.9 | W2476: 292.3 | X2476: 293.7 | Y2476: 290.9 | Z2476: =IF([1]生データ_製品!$F17795="生産品",[1]生データ_製品!$D17795,NA()) -> 295.3 | AA2476: 294.2 | AB2476: 295.6 | AC2476: 292.8 | AD2476: =IF([1]生データ_製品!$F20394="生産品",[1]生データ_製品!$D20394,NA()) -> 295.6 | AE2476: 295.2 | AF2476: 296.6 | AG2476: 293.8 | AH2476: =IF([1]生データ_製品!$F22987="生産品",[1]生データ_製品!$D22987,NA()) -> 292.5 | AI2476: 295.8 | AJ2476: 297.2 | AK2476: 294.4 | AL2476: =IF([1]生データ_製品!$F25535="生産品",[1]生データ_製品!$D25535,NA()) -> 293.9 | AM2476: 292.5 | AN2476: 293.9 | AO2476: 291.1 | AP2476: =IF([1]生データ_製品!$F28051="生産品",[1]生データ_製品!$D28051,NA()) -> 293 | AQ2476: 294.1 | AR2476: 295.5 | AS2476: 292.7 | AT2476: =IF([1]生データ_製品!$F30576="生産品",[1]生データ_製品!$D30576,NA()) -> 294 | AU2476: 293 | AV2476: 294.4 | AW2476: 291.6 | AX2476: =IF([1]生データ_製品!$F33227="生産品",[1]生データ_製品!$D33227,NA()) -> 293.3 | AY2476: 293.8 | AZ2476: 295.2 | BA2476: 292.4 | BC2476: 293.7 | BD2476: 295.1 | BE2476: 292.3 | BF2476: =IF([1]生データ_製品!$F38177="生産品",[1]生データ_製品!$D38177,NA()) -> 294.9 | BG2476: 293.6 | BH2476: 295 | BI2476: 292.2
A2477: 2473 | C2477: 294.4 | D2477: 295.8 | E2477: 293 | F2477: =IF([1]生データ_製品!$F4936="生産品",[1]生データ_製品!$D4936,NA()) -> 296.7 | G2477: 295.2 | H2477: 296.64 | I2477: 293.8 | K2477: 294.2 | L2477: 295.64 | M2477: 292.8 | N2477: =IF([1]生データ_製品!$F9974="生産品",[1]生データ_製品!$D9974,NA()) -> 295.6 | O2477: 295.4 | P2477: 296.8 | Q2477: 294 | R2477: =IF([1]生データ_製品!$F12588="生産品",[1]生データ_製品!$D12588,NA()) -> 293.4 | S2477: 292.5 | T2477: 293.9 | U2477: 291.1 | V2477: =IF([1]生データ_製品!$F15086="生産品",[1]生データ_製品!$D15086,NA()) -> 291.6 | W2477: 292.3 | X2477: 293.7 | Y2477: 290.9 | Z2477: =IF([1]生データ_製品!$F17796="生産品",[1]生データ_製品!$D17796,NA()) -> 296.3 | AA2477: 294.2 | AB2477: 295.6 | AC2477: 292.8 | AD2477: =IF([1]生データ_製品!$F20395="生産品",[1]生データ_製品!$D20395,NA()) -> 295.5 | AE2477: 295.2 | AF2477: 296.6 | AG2477: 293.8 | AH2477: =IF([1]生データ_製品!$F22988="生産品",[1]生データ_製品!$D22988,NA()) -> 292.7 | AI2477: 295.8 | AJ2477: 297.2 | AK2477: 294.4 | AL2477: =IF([1]生データ_製品!$F25536="生産品",[1]生データ_製品!$D25536,NA()) -> 293.8 | AM2477: 292.5 | AN2477: 293.9 | AO2477: 291.1 | AP2477: =IF([1]生データ_製品!$F28052="生産品",[1]生データ_製品!$D28052,NA()) -> 293.6 | AQ2477: 294.1 | AR2477: 295.5 | AS2477: 292.7 | AT2477: =IF([1]生データ_製品!$F30577="生産品",[1]生データ_製品!$D30577,NA()) -> 293.9 | AU2477: 293 | AV2477: 294.4 | AW2477: 291.6 | AX2477: =IF([1]生データ_製品!$F33228="生産品",[1]生データ_製品!$D33228,NA()) -> 293.4 | AY2477: 293.8 | AZ2477: 295.2 | BA2477: 292.4 | BC2477: 293.7 | BD2477: 295.1 | BE2477: 292.3 | BF2477: =IF([1]生データ_製品!$F38178="生産品",[1]生データ_製品!$D38178,NA()) -> 292.8 | BG2477: 293.6 | BH2477: 295 | BI2477: 292.2
A2478: 2474 | C2478: 294.4 | D2478: 295.8 | E2478: 293 | F2478: =IF([1]生データ_製品!$F4937="生産品",[1]生データ_製品!$D4937,NA()) -> 296.2 | G2478: 295.2 | H2478: 296.64 | I2478: 293.8 | K2478: 294.2 | L2478: 295.64 | M2478: 292.8 | N2478: =IF([1]生データ_製品!$F9975="生産品",[1]生データ_製品!$D9975,NA()) -> 295.8 | O2478: 295.4 | P2478: 296.8 | Q2478: 294 | R2478: =IF([1]生データ_製品!$F12589="生産品",[1]生データ_製品!$D12589,NA()) -> 293.2 | S2478: 292.5 | T2478: 293.9 | U2478: 291.1 | V2478: =IF([1]生データ_製品!$F15087="生産品",[1]生データ_製品!$D15087,NA()) -> 294.2 | W2478: 292.3 | X2478: 293.7 | Y2478: 290.9 | Z2478: =IF([1]生データ_製品!$F17797="生産品",[1]生データ_製品!$D17797,NA()) -> 295.6 | AA2478: 294.2 | AB2478: 295.6 | AC2478: 292.8 | AD2478: =IF([1]生データ_製品!$F20396="生産品",[1]生データ_製品!$D20396,NA()) -> 294.8 | AE2478: 295.2 | AF2478: 296.6 | AG2478: 293.8 | AH2478: =IF([1]生データ_製品!$F22989="生産品",[1]生データ_製品!$D22989,NA()) -> 293 | AI2478: 295.8 | AJ2478: 297.2 | AK2478: 294.4 | AL2478: =IF([1]生データ_製品!$F25537="生産品",[1]生データ_製品!$D25537,NA()) -> 294.8 | AM2478: 292.5 | AN2478: 293.9 | AO2478: 291.1 | AP2478: =IF([1]生データ_製品!$F28053="生産品",[1]生データ_製品!$D28053,NA()) -> 292.9 | AQ2478: 294.1 | AR2478: 295.5 | AS2478: 292.7 | AT2478: =IF([1]生データ_製品!$F30578="生産品",[1]生データ_製品!$D30578,NA()) -> 295.2 | AU2478: 293 | AV2478: 294.4 | AW2478: 291.6 | AX2478: =IF([1]生データ_製品!$F33229="生産品",[1]生データ_製品!$D33229,NA()) -> 293.9 | AY2478: 293.8 | AZ2478: 295.2 | BA2478: 292.4 | BC2478: 293.7 | BD2478: 295.1 | BE2478: 292.3 | BG2478: 293.6 | BH2478: 295 | BI2478: 292.2
A2479: 2475 | C2479: 294.4 | D2479: 295.8 | E2479: 293 | F2479: =IF([1]生データ_製品!$F4938="生産品",[1]生データ_製品!$D4938,NA()) -> 296.7 | G2479: 295.2 | H2479: 296.64 | I2479: 293.8 | K2479: 294.2 | L2479: 295.64 | M2479: 292.8 | N2479: =IF([1]生データ_製品!$F9976="生産品",[1]生データ_製品!$D9976,NA()) -> 295.5 | O2479: 295.4 | P2479: 296.8 | Q2479: 294 | R2479: =IF([1]生データ_製品!$F12590="生産品",[1]生データ_製品!$D12590,NA()) -> 292.4 | S2479: 292.5 | T2479: 293.9 | U2479: 291.1 | V2479: =IF([1]生データ_製品!$F15088="生産品",[1]生データ_製品!$D15088,NA()) -> 292.6 | W2479: 292.3 | X2479: 293.7 | Y2479: 290.9 | Z2479: =IF([1]生データ_製品!$F17798="生産品",[1]生データ_製品!$D17798,NA()) -> 294.9 | AA2479: 294.2 | AB2479: 295.6 | AC2479: 292.8 | AD2479: =IF([1]生データ_製品!$F20397="生産品",[1]生データ_製品!$D20397,NA()) -> 294.7 | AE2479: 295.2 | AF2479: 296.6 | AG2479: 293.8 | AH2479: =IF([1]生データ_製品!$F22990="生産品",[1]生データ_製品!$D22990,NA()) -> 292.6 | AI2479: 295.8 | AJ2479: 297.2 | AK2479: 294.4 | AL2479: =IF([1]生データ_製品!$F25538="生産品",[1]生データ_製品!$D25538,NA()) -> 294.4 | AM2479: 292.5 | AN2479: 293.9 | AO2479: 291.1 | AP2479: =IF([1]生データ_製品!$F28054="生産品",[1]生データ_製品!$D28054,NA()) -> 293.1 | AQ2479: 294.1 | AR2479: 295.5 | AS2479: 292.7 | AT2479: =IF([1]生データ_製品!$F30579="生産品",[1]生データ_製品!$D30579,NA()) -> 293.1 | AU2479: 293 | AV2479: 294.4 | AW2479: 291.6 | AX2479: =IF([1]生データ_製品!$F33230="生産品",[1]生データ_製品!$D33230,NA()) -> 293.3 | AY2479: 293.8 | AZ2479: 295.2 | BA2479: 292.4 | BC2479: 293.7 | BD2479: 295.1 | BE2479: 292.3 | BG2479: 293.6 | BH2479: 295 | BI2479: 292.2
A2480: 2476 | C2480: 294.4 | D2480: 295.8 | E2480: 293 | F2480: =IF([1]生データ_製品!$F4939="生産品",[1]生データ_製品!$D4939,NA()) -> 296.2 | G2480: 295.2 | H2480: 296.64 | I2480: 293.8 | K2480: 294.2 | L2480: 295.64 | M2480: 292.8 | N2480: =IF([1]生データ_製品!$F9977="生産品",[1]生データ_製品!$D9977,NA()) -> 295.4 | O2480: 295.4 | P2480: 296.8 | Q2480: 294 | R2480: =IF([1]生データ_製品!$F12591="生産品",[1]生データ_製品!$D12591,NA()) -> 292.4 | S2480: 292.5 | T2480: 293.9 | U2480: 291.1 | V2480: =IF([1]生データ_製品!$F15089="生産品",[1]生データ_製品!$D15089,NA()) -> 294.4 | W2480: 292.3 | X2480: 293.7 | Y2480: 290.9 | Z2480: =IF([1]生データ_製品!$F17799="生産品",[1]生データ_製品!$D17799,NA()) -> 295.5 | AA2480: 294.2 | AB2480: 295.6 | AC2480: 292.8 | AD2480: =IF([1]生データ_製品!$F20398="生産品",[1]生データ_製品!$D20398,NA()) -> 295.2 | AE2480: 295.2 | AF2480: 296.6 | AG2480: 293.8 | AH2480: =IF([1]生データ_製品!$F22991="生産品",[1]生データ_製品!$D22991,NA()) -> 291.9 | AI2480: 295.8 | AJ2480: 297.2 | AK2480: 294.4 | AL2480: =IF([1]生データ_製品!$F25539="生産品",[1]生データ_製品!$D25539,NA()) -> 293.6 | AM2480: 292.5 | AN2480: 293.9 | AO2480: 291.1 | AP2480: =IF([1]生データ_製品!$F28055="生産品",[1]生データ_製品!$D28055,NA()) -> 293.2 | AQ2480: 294.1 | AR2480: 295.5 | AS2480: 292.7 | AT2480: =IF([1]生データ_製品!$F30580="生産品",[1]生データ_製品!$D30580,NA()) -> 295.3 | AU2480: 293 | AV2480: 294.4 | AW2480: 291.6 | AX2480: =IF([1]生データ_製品!$F33231="生産品",[1]生データ_製品!$D33231,NA()) -> 293.1 | AY2480: 293.8 | AZ2480: 295.2 | BA2480: 292.4 | BC2480: 293.7 | BD2480: 295.1 | BE2480: 292.3 | BG2480: 293.6 | BH2480: 295 | BI2480: 292.2
A2481: 2477 | C2481: 294.4 | D2481: 295.8 | E2481: 293 | F2481: =IF([1]生データ_製品!$F4940="生産品",[1]生データ_製品!$D4940,NA()) -> 296.1 | G2481: 295.2 | H2481: 296.64 | I2481: 293.8 | K2481: 294.2 | L2481: 295.64 | M2481: 292.8 | N2481: =IF([1]生データ_製品!$F9978="生産品",[1]生データ_製品!$D9978,NA()) -> 295.8 | O2481: 295.4 | P2481: 296.8 | Q2481: 294 | R2481: =IF([1]生データ_製品!$F12592="生産品",[1]生データ_製品!$D12592,NA()) -> 293.5 | S2481: 292.5 | T2481: 293.9 | U2481: 291.1 | V2481: =IF([1]生データ_製品!$F15090="生産品",[1]生データ_製品!$D15090,NA()) -> 292.3 | W2481: 292.3 | X2481: 293.7 | Y2481: 290.9 | Z2481: =IF([1]生データ_製品!$F17800="生産品",[1]生データ_製品!$D17800,NA()) -> 293.6 | AA2481: 294.2 | AB2481: 295.6 | AC2481: 292.8 | AD2481: =IF([1]生データ_製品!$F20399="生産品",[1]生データ_製品!$D20399,NA()) -> 294.9 | AE2481: 295.2 | AF2481: 296.6 | AG2481: 293.8 | AH2481: =IF([1]生データ_製品!$F22992="生産品",[1]生データ_製品!$D22992,NA()) -> 291.7 | AI2481: 295.8 | AJ2481: 297.2 | AK2481: 294.4 | AL2481: =IF([1]生データ_製品!$F25540="生産品",[1]生データ_製品!$D25540,NA()) -> 294.7 | AM2481: 292.5 | AN2481: 293.9 | AO2481: 291.1 | AP2481: =IF([1]生データ_製品!$F28056="生産品",[1]生データ_製品!$D28056,NA()) -> 293.3 | AQ2481: 294.1 | AR2481: 295.5 | AS2481: 292.7 | AT2481: =IF([1]生データ_製品!$F30581="生産品",[1]生データ_製品!$D30581,NA()) -> 292.8 | AU2481: 293 | AV2481: 294.4 | AW2481: 291.6 | AX2481: =IF([1]生データ_製品!$F33232="生産品",[1]生データ_製品!$D33232,NA()) -> 293 | AY2481: 293.8 | AZ2481: 295.2 | BA2481: 292.4 | BC2481: 293.7 | BD2481: 295.1 | BE2481: 292.3 | BG2481: 293.6 | BH2481: 295 | BI2481: 292.2
A2482: 2478 | C2482: 294.4 | D2482: 295.8 | E2482: 293 | F2482: =IF([1]生データ_製品!$F4941="生産品",[1]生データ_製品!$D4941,NA()) -> 296.8 | G2482: 295.2 | H2482: 296.64 | I2482: 293.8 | K2482: 294.2 | L2482: 295.64 | M2482: 292.8 | N2482: =IF([1]生データ_製品!$F9979="生産品",[1]生データ_製品!$D9979,NA()) -> 295.4 | O2482: 295.4 | P2482: 296.8 | Q2482: 294 | R2482: =IF([1]生データ_製品!$F12593="生産品",[1]生データ_製品!$D12593,NA()) -> 292.2 | S2482: 292.5 | T2482: 293.9 | U2482: 291.1 | V2482: =IF([1]生データ_製品!$F15091="生産品",[1]生データ_製品!$D15091,NA()) -> 292.6 | W2482: 292.3 | X2482: 293.7 | Y2482: 290.9 | Z2482: =IF([1]生データ_製品!$F17801="生産品",[1]生データ_製品!$D17801,NA()) -> 295 | AA2482: 294.2 | AB2482: 295.6 | AC2482: 292.8 | AD2482: =IF([1]生データ_製品!$F20400="生産品",[1]生データ_製品!$D20400,NA()) -> 294.7 | AE2482: 295.2 | AF2482: 296.6 | AG2482: 293.8 | AH2482: =IF([1]生データ_製品!$F22993="生産品",[1]生データ_製品!$D22993,NA()) -> 291.5 | AI2482: 295.8 | AJ2482: 297.2 | AK2482: 294.4 | AL2482: =IF([1]生データ_製品!$F25541="生産品",[1]生データ_製品!$D25541,NA()) -> 294.5 | AM2482: 292.5 | AN2482: 293.9 | AO2482: 291.1 | AP2482: =IF([1]生データ_製品!$F28057="生産品",[1]生データ_製品!$D28057,NA()) -> 292.9 | AQ2482: 294.1 | AR2482: 295.5 | AS2482: 292.7 | AT2482: =IF([1]生データ_製品!$F30582="生産品",[1]生データ_製品!$D30582,NA()) -> 292.8 | AU2482: 293 | AV2482: 294.4 | AW2482: 291.6 | AX2482: =IF([1]生データ_製品!$F33233="生産品",[1]生データ_製品!$D33233,NA()) -> 294.1 | AY2482: 293.8 | AZ2482: 295.2 | BA2482: 292.4 | BC2482: 293.7 | BD2482: 295.1 | BE2482: 292.3 | BG2482: 293.6 | BH2482: 295 | BI2482: 292.2
A2483: 2479 | C2483: 294.4 | D2483: 295.8 | E2483: 293 | F2483: =IF([1]生データ_製品!$F4942="生産品",[1]生データ_製品!$D4942,NA()) -> 295.9 | G2483: 295.2 | H2483: 296.64 | I2483: 293.8 | K2483: 294.2 | L2483: 295.64 | M2483: 292.8 | N2483: =IF([1]生データ_製品!$F9980="生産品",[1]生データ_製品!$D9980,NA()) -> 295.2 | O2483: 295.4 | P2483: 296.8 | Q2483: 294 | R2483: =IF([1]生データ_製品!$F12594="生産品",[1]生データ_製品!$D12594,NA()) -> 292.5 | S2483: 292.5 | T2483: 293.9 | U2483: 291.1 | V2483: =IF([1]生データ_製品!$F15092="生産品",[1]生データ_製品!$D15092,NA()) -> 294.9 | W2483: 292.3 | X2483: 293.7 | Y2483: 290.9 | Z2483: =IF([1]生データ_製品!$F17802="生産品",[1]生データ_製品!$D17802,NA()) -> 294.9 | AA2483: 294.2 | AB2483: 295.6 | AC2483: 292.8 | AD2483: =IF([1]生データ_製品!$F20401="生産品",[1]生データ_製品!$D20401,NA()) -> 294.6 | AE2483: 295.2 | AF2483: 296.6 | AG2483: 293.8 | AH2483: =IF([1]生データ_製品!$F22994="生産品",[1]生データ_製品!$D22994,NA()) -> 292.5 | AI2483: 295.8 | AJ2483: 297.2 | AK2483: 294.4 | AL2483: =IF([1]生データ_製品!$F25542="生産品",[1]生データ_製品!$D25542,NA()) -> 293.3 | AM2483: 292.5 | AN2483: 293.9 | AO2483: 291.1 | AP2483: =IF([1]生データ_製品!$F28058="生産品",[1]生データ_製品!$D28058,NA()) -> 293.2 | AQ2483: 294.1 | AR2483: 295.5 | AS2483: 292.7 | AT2483: =IF([1]生データ_製品!$F30583="生産品",[1]生データ_製品!$D30583,NA()) -> 292.7 | AU2483: 293 | AV2483: 294.4 | AW2483: 291.6 | AX2483: =IF([1]生データ_製品!$F33234="生産品",[1]生データ_製品!$D33234,NA()) -> 294.2 | AY2483: 293.8 | AZ2483: 295.2 | BA2483: 292.4 | BC2483: 293.7 | BD2483: 295.1 | BE2483: 292.3 | BG2483: 293.6 | BH2483: 295 | BI2483: 292.2
A2484: 2480 | C2484: 294.4 | D2484: 295.8 | E2484: 293 | F2484: =IF([1]生データ_製品!$F4943="生産品",[1]生データ_製品!$D4943,NA()) -> 294.4 | G2484: 295.2 | H2484: 296.64 | I2484: 293.8 | K2484: 294.2 | L2484: 295.64 | M2484: 292.8 | N2484: =IF([1]生データ_製品!$F9981="生産品",[1]生データ_製品!$D9981,NA()) -> 296.3 | O2484: 295.4 | P2484: 296.8 | Q2484: 294 | R2484: =IF([1]生データ_製品!$F12595="生産品",[1]生データ_製品!$D12595,NA()) -> 292.5 | S2484: 292.5 | T2484: 293.9 | U2484: 291.1 | V2484: =IF([1]生データ_製品!$F15093="生産品",[1]生データ_製品!$D15093,NA()) -> 295.3 | W2484: 292.3 | X2484: 293.7 | Y2484: 290.9 | Z2484: =IF([1]生データ_製品!$F17803="生産品",[1]生データ_製品!$D17803,NA()) -> 293.6 | AA2484: 294.2 | AB2484: 295.6 | AC2484: 292.8 | AD2484: =IF([1]生データ_製品!$F20402="生産品",[1]生データ_製品!$D20402,NA()) -> 294.6 | AE2484: 295.2 | AF2484: 296.6 | AG2484: 293.8 | AH2484: =IF([1]生データ_製品!$F22995="生産品",[1]生データ_製品!$D22995,NA()) -> 292.9 | AI2484: 295.8 | AJ2484: 297.2 | AK2484: 294.4 | AL2484: =IF([1]生データ_製品!$F25543="生産品",[1]生データ_製品!$D25543,NA()) -> 294 | AM2484: 292.5 | AN2484: 293.9 | AO2484: 291.1 | AP2484: =IF([1]生データ_製品!$F28059="生産品",[1]生データ_製品!$D28059,NA()) -> 293.2 | AQ2484: 294.1 | AR2484: 295.5 | AS2484: 292.7 | AT2484: =IF([1]生データ_製品!$F30584="生産品",[1]生データ_製品!$D30584,NA()) -> 293.3 | AU2484: 293 | AV2484: 294.4 | AW2484: 291.6 | AX2484: =IF([1]生データ_製品!$F33235="生産品",[1]生データ_製品!$D33235,NA()) -> 293.7 | AY2484: 293.8 | AZ2484: 295.2 | BA2484: 292.4 | BC2484: 293.7 | BD2484: 295.1 | BE2484: 292.3 | BG2484: 293.6 | BH2484: 295 | BI2484: 292.2
A2485: 2481 | C2485: 294.4 | D2485: 295.8 | E2485: 293 | F2485: =IF([1]生データ_製品!$F4944="生産品",[1]生データ_製品!$D4944,NA()) -> 293.9 | G2485: 295.2 | H2485: 296.64 | I2485: 293.8 | K2485: 294.2 | L2485: 295.64 | M2485: 292.8 | N2485: =IF([1]生データ_製品!$F9982="生産品",[1]生データ_製品!$D9982,NA()) -> 295.2 | O2485: 295.4 | P2485: 296.8 | Q2485: 294 | R2485: =IF([1]生データ_製品!$F12596="生産品",[1]生データ_製品!$D12596,NA()) -> 293.8 | S2485: 292.5 | T2485: 293.9 | U2485: 291.1 | V2485: =IF([1]生データ_製品!$F15094="生産品",[1]生データ_製品!$D15094,NA()) -> 294 | W2485: 292.3 | X2485: 293.7 | Y2485: 290.9 | Z2485: =IF([1]生データ_製品!$F17804="生産品",[1]生データ_製品!$D17804,NA()) -> 294.9 | AA2485: 294.2 | AB2485: 295.6 | AC2485: 292.8 | AD2485: =IF([1]生データ_製品!$F20403="生産品",[1]生データ_製品!$D20403,NA()) -> 295.1 | AE2485: 295.2 | AF2485: 296.6 | AG2485: 293.8 | AH2485: =IF([1]生データ_製品!$F22996="生産品",[1]生データ_製品!$D22996,NA()) -> 292.2 | AI2485: 295.8 | AJ2485: 297.2 | AK2485: 294.4 | AL2485: =IF([1]生データ_製品!$F25544="生産品",[1]生データ_製品!$D25544,NA()) -> 293.4 | AM2485: 292.5 | AN2485: 293.9 | AO2485: 291.1 | AP2485: =IF([1]生データ_製品!$F28060="生産品",[1]生データ_製品!$D28060,NA()) -> 293.3 | AQ2485: 294.1 | AR2485: 295.5 | AS2485: 292.7 | AT2485: =IF([1]生データ_製品!$F30585="生産品",[1]生データ_製品!$D30585,NA()) -> 293.3 | AU2485: 293 | AV2485: 294.4 | AW2485: 291.6 | AX2485: =IF([1]生データ_製品!$F33236="生産品",[1]生データ_製品!$D33236,NA()) -> 292.9 | AY2485: 293.8 | AZ2485: 295.2 | BA2485: 292.4 | BC2485: 293.7 | BD2485: 295.1 | BE2485: 292.3 | BG2485: 293.6 | BH2485: 295 | BI2485: 292.2
A2486: 2482 | C2486: 294.4 | D2486: 295.8 | E2486: 293 | F2486: =IF([1]生データ_製品!$F4945="生産品",[1]生データ_製品!$D4945,NA()) -> #N/A | G2486: 295.2 | H2486: 296.64 | I2486: 293.8 | K2486: 294.2 | L2486: 295.64 | M2486: 292.8 | N2486: =IF([1]生データ_製品!$F9983="生産品",[1]生データ_製品!$D9983,NA()) -> 295.4 | O2486: 295.4 | P2486: 296.8 | Q2486: 294 | R2486: =IF([1]生データ_製品!$F12597="生産品",[1]生データ_製品!$D12597,NA()) -> 294 | S2486: 292.5 | T2486: 293.9 | U2486: 291.1 | V2486: =IF([1]生データ_製品!$F15095="生産品",[1]生データ_製品!$D15095,NA()) -> 295.1 | W2486: 292.3 | X2486: 293.7 | Y2486: 290.9 | Z2486: =IF([1]生データ_製品!$F17805="生産品",[1]生データ_製品!$D17805,NA()) -> 296.6 | AA2486: 294.2 | AB2486: 295.6 | AC2486: 292.8 | AD2486: =IF([1]生データ_製品!$F20404="生産品",[1]生データ_製品!$D20404,NA()) -> 294.1 | AE2486: 295.2 | AF2486: 296.6 | AG2486: 293.8 | AH2486: =IF([1]生データ_製品!$F22997="生産品",[1]生データ_製品!$D22997,NA()) -> 292.8 | AI2486: 295.8 | AJ2486: 297.2 | AK2486: 294.4 | AL2486: =IF([1]生データ_製品!$F25545="生産品",[1]生データ_製品!$D25545,NA()) -> 295 | AM2486: 292.5 | AN2486: 293.9 | AO2486: 291.1 | AP2486: =IF([1]生データ_製品!$F28061="生産品",[1]生データ_製品!$D28061,NA()) -> 293.3 | AQ2486: 294.1 | AR2486: 295.5 | AS2486: 292.7 | AT2486: =IF([1]生データ_製品!$F30586="生産品",[1]生データ_製品!$D30586,NA()) -> 293.4 | AU2486: 293 | AV2486: 294.4 | AW2486: 291.6 | AX2486: =IF([1]生データ_製品!$F33237="生産品",[1]生データ_製品!$D33237,NA()) -> 292.8 | AY2486: 293.8 | AZ2486: 295.2 | BA2486: 292.4 | BC2486: 293.7 | BD2486: 295.1 | BE2486: 292.3 | BG2486: 293.6 | BH2486: 295 | BI2486: 292.2
A2487: 2483 | C2487: 294.4 | D2487: 295.8 | E2487: 293 | F2487: =IF([1]生データ_製品!$F4946="生産品",[1]生データ_製品!$D4946,NA()) -> 293.6 | G2487: 295.2 | H2487: 296.64 | I2487: 293.8 | K2487: 294.2 | L2487: 295.64 | M2487: 292.8 | N2487: =IF([1]生データ_製品!$F9984="生産品",[1]生データ_製品!$D9984,NA()) -> 295.5 | O2487: 295.4 | P2487: 296.8 | Q2487: 294 | R2487: =IF([1]生データ_製品!$F12598="生産品",[1]生データ_製品!$D12598,NA()) -> 293.2 | S2487: 292.5 | T2487: 293.9 | U2487: 291.1 | V2487: =IF([1]生データ_製品!$F15096="生産品",[1]生データ_製品!$D15096,NA()) -> 292.1 | W2487: 292.3 | X2487: 293.7 | Y2487: 290.9 | Z2487: =IF([1]生データ_製品!$F17806="生産品",[1]生データ_製品!$D17806,NA()) -> 295.1 | AA2487: 294.2 | AB2487: 295.6 | AC2487: 292.8 | AD2487: =IF([1]生データ_製品!$F20405="生産品",[1]生データ_製品!$D20405,NA()) -> 294.6 | AE2487: 295.2 | AF2487: 296.6 | AG2487: 293.8 | AH2487: =IF([1]生データ_製品!$F22998="生産品",[1]生データ_製品!$D22998,NA()) -> 292.6 | AI2487: 295.8 | AJ2487: 297.2 | AK2487: 294.4 | AL2487: =IF([1]生データ_製品!$F25546="生産品",[1]生データ_製品!$D25546,NA()) -> 294.1 | AM2487: 292.5 | AN2487: 293.9 | AO2487: 291.1 | AP2487: =IF([1]生データ_製品!$F28062="生産品",[1]生データ_製品!$D28062,NA()) -> 293 | AQ2487: 294.1 | AR2487: 295.5 | AS2487: 292.7 | AT2487: =IF([1]生データ_製品!$F30587="生産品",[1]生データ_製品!$D30587,NA()) -> 295.3 | AU2487: 293 | AV2487: 294.4 | AW2487: 291.6 | AX2487: =IF([1]生データ_製品!$F33238="生産品",[1]生データ_製品!$D33238,NA()) -> 292.9 | AY2487: 293.8 | AZ2487: 295.2 | BA2487: 292.4 | BC2487: 293.7 | BD2487: 295.1 | BE2487: 292.3 | BG2487: 293.6 | BH2487: 295 | BI2487: 292.2
A2488: 2484 | C2488: 294.4 | D2488: 295.8 | E2488: 293 | F2488: =IF([1]生データ_製品!$F4947="生産品",[1]生データ_製品!$D4947,NA()) -> 293.9 | G2488: 295.2 | H2488: 296.64 | I2488: 293.8 | K2488: 294.2 | L2488: 295.64 | M2488: 292.8 | N2488: =IF([1]生データ_製品!$F9985="生産品",[1]生データ_製品!$D9985,NA()) -> 295.6 | O2488: 295.4 | P2488: 296.8 | Q2488: 294 | R2488: =IF([1]生データ_製品!$F12599="生産品",[1]生データ_製品!$D12599,NA()) -> 292.3 | S2488: 292.5 | T2488: 293.9 | U2488: 291.1 | V2488: =IF([1]生データ_製品!$F15097="生産品",[1]生データ_製品!$D15097,NA()) -> 293.5 | W2488: 292.3 | X2488: 293.7 | Y2488: 290.9 | Z2488: =IF([1]生データ_製品!$F17807="生産品",[1]生データ_製品!$D17807,NA()) -> 294.8 | AA2488: 294.2 | AB2488: 295.6 | AC2488: 292.8 | AD2488: =IF([1]生データ_製品!$F20406="生産品",[1]生データ_製品!$D20406,NA()) -> 295.3 | AE2488: 295.2 | AF2488: 296.6 | AG2488: 293.8 | AH2488: =IF([1]生データ_製品!$F22999="生産品",[1]生データ_製品!$D22999,NA()) -> 292.4 | AI2488: 295.8 | AJ2488: 297.2 | AK2488: 294.4 | AL2488: =IF([1]生データ_製品!$F25547="生産品",[1]生データ_製品!$D25547,NA()) -> 293.7 | AM2488: 292.5 | AN2488: 293.9 | AO2488: 291.1 | AP2488: =IF([1]生データ_製品!$F28063="生産品",[1]生データ_製品!$D28063,NA()) -> 293.3 | AQ2488: 294.1 | AR2488: 295.5 | AS2488: 292.7 | AT2488: =IF([1]生データ_製品!$F30588="生産品",[1]生データ_製品!$D30588,NA()) -> 295.1 | AU2488: 293 | AV2488: 294.4 | AW2488: 291.6 | AX2488: =IF([1]生データ_製品!$F33239="生産品",[1]生データ_製品!$D33239,NA()) -> 293.1 | AY2488: 293.8 | AZ2488: 295.2 | BA2488: 292.4 | BC2488: 293.7 | BD2488: 295.1 | BE2488: 292.3 | BG2488: 293.6 | BH2488: 295 | BI2488: 292.2
A2489: 2485 | C2489: 294.4 | D2489: 295.8 | E2489: 293 | F2489: =IF([1]生データ_製品!$F4948="生産品",[1]生データ_製品!$D4948,NA()) -> 294.3 | G2489: 295.2 | H2489: 296.64 | I2489: 293.8 | K2489: 294.2 | L2489: 295.64 | M2489: 292.8 | N2489: =IF([1]生データ_製品!$F9986="生産品",[1]生データ_製品!$D9986,NA()) -> 295.6 | O2489: 295.4 | P2489: 296.8 | Q2489: 294 | R2489: =IF([1]生データ_製品!$F12600="生産品",[1]生データ_製品!$D12600,NA()) -> 292.6 | S2489: 292.5 | T2489: 293.9 | U2489: 291.1 | V2489: =IF([1]生データ_製品!$F15098="生産品",[1]生データ_製品!$D15098,NA()) -> 292.9 | W2489: 292.3 | X2489: 293.7 | Y2489: 290.9 | Z2489: =IF([1]生データ_製品!$F17808="生産品",[1]生データ_製品!$D17808,NA()) -> 296.1 | AA2489: 294.2 | AB2489: 295.6 | AC2489: 292.8 | AD2489: =IF([1]生データ_製品!$F20407="生産品",[1]生データ_製品!$D20407,NA()) -> 294.5 | AE2489: 295.2 | AF2489: 296.6 | AG2489: 293.8 | AH2489: =IF([1]生データ_製品!$F23000="生産品",[1]生データ_製品!$D23000,NA()) -> 292.8 | AI2489: 295.8 | AJ2489: 297.2 | AK2489: 294.4 | AL2489: =IF([1]生データ_製品!$F25548="生産品",[1]生データ_製品!$D25548,NA()) -> 293.6 | AM2489: 292.5 | AN2489: 293.9 | AO2489: 291.1 | AP2489: =IF([1]生データ_製品!$F28064="生産品",[1]生データ_製品!$D28064,NA()) -> 293.3 | AQ2489: 294.1 | AR2489: 295.5 | AS2489: 292.7 | AT2489: =IF([1]生データ_製品!$F30589="生産品",[1]生データ_製品!$D30589,NA()) -> 295 | AU2489: 293 | AV2489: 294.4 | AW2489: 291.6 | AX2489: =IF([1]生データ_製品!$F33240="生産品",[1]生データ_製品!$D33240,NA()) -> 293.8 | AY2489: 293.8 | AZ2489: 295.2 | BA2489: 292.4 | BC2489: 293.7 | BD2489: 295.1 | BE2489: 292.3 | BG2489: 293.6 | BH2489: 295 | BI2489: 292.2
... A2501: 2497 | C2501: 294.4 | D2501: 295.8 | E2501: 293 | F2501: =IF([1]生データ_製品!$F4960="生産品",[1]生データ_製品!$D4960,NA()) -> 293.8 | G2501: 295.2 | H2501: 296.64 | I2501: 293.8 | K2501: 294.2 | L2501: 295.64 | M2501: 292.8 | N2501: =IF([1]生データ_製品!$F9998="生産品",[1]生データ_製品!$D9998,NA()) -> 295.5 | O2501: 295.4 | P2501: 296.8 | Q2501: 294 | R2501: =IF([1]生データ_製品!$F12612="生産品",[1]生データ_製品!$D12612,NA()) -> 293.9 | S2501: 292.5 | T2501: 293.9 | U2501: 291.1 | V2501: =IF([1]生データ_製品!$F15110="生産品",[1]生データ_製品!$D15110,NA()) -> 292.5 | W2501: 292.3 | X2501: 293.7 | Y2501: 290.9 | Z2501: =IF([1]生データ_製品!$F17820="生産品",[1]生データ_製品!$D17820,NA()) -> 293.8 | AA2501: 294.2 | AB2501: 295.6 | AC2501: 292.8 | AD2501: =IF([1]生データ_製品!$F20419="生産品",[1]生データ_製品!$D20419,NA()) -> 294.6 | AE2501: 295.2 | AF2501: 296.6 | AG2501: 293.8 | AH2501: =IF([1]生データ_製品!$F23012="生産品",[1]生データ_製品!$D23012,NA()) -> 292.6 | AI2501: 295.8 | AJ2501: 297.2 | AK2501: 294.4 | AL2501: =IF([1]生データ_製品!$F25560="生産品",[1]生データ_製品!$D25560,NA()) -> 293.7 | AM2501: 292.5 | AN2501: 293.9 | AO2501: 291.1 | AP2501: =IF([1]生データ_製品!$F28076="生産品",[1]生データ_製品!$D28076,NA()) -> 295.2 | AQ2501: 294.1 | AR2501: 295.5 | AS2501: 292.7 | AT2501: =IF([1]生データ_製品!$F30601="生産品",[1]生データ_製品!$D30601,NA()) -> 293 | AU2501: 293 | AV2501: 294.4 | AW2501: 291.6 | AX2501: =IF([1]生データ_製品!$F33252="生産品",[1]生データ_製品!$D33252,NA()) -> 293.1 | AY2501: 293.8 | AZ2501: 295.2 | BA2501: 292.4 | BC2501: 293.7 | BD2501: 295.1 | BE2501: 292.3 | BG2501: 293.6 | BH2501: 295 | BI2501: 292.2
A2502: 2498 | C2502: 294.4 | D2502: 295.8 | E2502: 293 | F2502: =IF([1]生データ_製品!$F4961="生産品",[1]生データ_製品!$D4961,NA()) -> #N/A | G2502: 295.2 | H2502: 296.64 | I2502: 293.8 | K2502: 294.2 | L2502: 295.64 | M2502: 292.8 | N2502: =IF([1]生データ_製品!$F9999="生産品",[1]生データ_製品!$D9999,NA()) -> 295.7 | O2502: 295.4 | P2502: 296.8 | Q2502: 294 | R2502: =IF([1]生データ_製品!$F12613="生産品",[1]生データ_製品!$D12613,NA()) -> #N/A | S2502: 292.5 | T2502: 293.9 | U2502: 291.1 | V2502: =IF([1]生データ_製品!$F15111="生産品",[1]生データ_製品!$D15111,NA()) -> 292.8 | W2502: 292.3 | X2502: 293.7 | Y2502: 290.9 | Z2502: =IF([1]生データ_製品!$F17821="生産品",[1]生データ_製品!$D17821,NA()) -> 295.5 | AA2502: 294.2 | AB2502: 295.6 | AC2502: 292.8 | AD2502: =IF([1]生データ_製品!$F20420="生産品",[1]生データ_製品!$D20420,NA()) -> 294.8 | AE2502: 295.2 | AF2502: 296.6 | AG2502: 293.8 | AH2502: =IF([1]生データ_製品!$F23013="生産品",[1]生データ_製品!$D23013,NA()) -> 292.9 | AI2502: 295.8 | AJ2502: 297.2 | AK2502: 294.4 | AL2502: =IF([1]生データ_製品!$F25561="生産品",[1]生データ_製品!$D25561,NA()) -> 294.6 | AM2502: 292.5 | AN2502: 293.9 | AO2502: 291.1 | AP2502: =IF([1]生データ_製品!$F28077="生産品",[1]生データ_製品!$D28077,NA()) -> 293.2 | AQ2502: 294.1 | AR2502: 295.5 | AS2502: 292.7 | AT2502: =IF([1]生データ_製品!$F30602="生産品",[1]生データ_製品!$D30602,NA()) -> 295.4 | AU2502: 293 | AV2502: 294.4 | AW2502: 291.6 | AY2502: 293.8 | AZ2502: 295.2 | BA2502: 292.4 | BC2502: 293.7 | BD2502: 295.1 | BE2502: 292.3 | BG2502: 293.6 | BH2502: 295 | BI2502: 292.2
A2503: 2499 | C2503: 294.4 | D2503: 295.8 | E2503: 293 | F2503: =IF([1]生データ_製品!$F4962="生産品",[1]生データ_製品!$D4962,NA()) -> 293.7 | G2503: 295.2 | H2503: 296.64 | I2503: 293.8 | K2503: 294.2 | L2503: 295.64 | M2503: 292.8 | N2503: =IF([1]生データ_製品!$F10000="生産品",[1]生データ_製品!$D10000,NA()) -> 295.7 | O2503: 295.4 | P2503: 296.8 | Q2503: 294 | S2503: 292.5 | T2503: 293.9 | U2503: 291.1 | V2503: =IF([1]生データ_製品!$F15112="生産品",[1]生データ_製品!$D15112,NA()) -> 291.5 | W2503: 292.3 | X2503: 293.7 | Y2503: 290.9 | Z2503: =IF([1]生データ_製品!$F17822="生産品",[1]生データ_製品!$D17822,NA()) -> 295.6 | AA2503: 294.2 | AB2503: 295.6 | AC2503: 292.8 | AD2503: =IF([1]生データ_製品!$F20421="生産品",[1]生データ_製品!$D20421,NA()) -> 294.3 | AE2503: 295.2 | AF2503: 296.6 | AG2503: 293.8 | AH2503: =IF([1]生データ_製品!$F23014="生産品",[1]生データ_製品!$D23014,NA()) -> 293 | AI2503: 295.8 | AJ2503: 297.2 | AK2503: 294.4 | AL2503: =IF([1]生データ_製品!$F25562="生産品",[1]生データ_製品!$D25562,NA()) -> 294.2 | AM2503: 292.5 | AN2503: 293.9 | AO2503: 291.1 | AP2503: =IF([1]生データ_製品!$F28078="生産品",[1]生データ_製品!$D28078,NA()) -> 291.8 | AQ2503: 294.1 | AR2503: 295.5 | AS2503: 292.7 | AT2503: =IF([1]生データ_製品!$F30603="生産品",[1]生データ_製品!$D30603,NA()) -> 293.9 | AU2503: 293 | AV2503: 294.4 | AW2503: 291.6 | AY2503: 293.8 | AZ2503: 295.2 | BA2503: 292.4 | BC2503: 293.7 | BD2503: 295.1 | BE2503: 292.3 | BG2503: 293.6 | BH2503: 295 | BI2503: 292.2
A2504: 2500 | C2504: 294.4 | D2504: 295.8 | E2504: 293 | F2504: =IF([1]生データ_製品!$F4963="生産品",[1]生データ_製品!$D4963,NA()) -> 294.2 | G2504: 295.2 | H2504: 296.64 | I2504: 293.8 | K2504: 294.2 | L2504: 295.64 | M2504: 292.8 | N2504: =IF([1]生データ_製品!$F10001="生産品",[1]生データ_製品!$D10001,NA()) -> 295.3 | O2504: 295.4 | P2504: 296.8 | Q2504: 294 | S2504: 292.5 | T2504: 293.9 | U2504: 291.1 | V2504: =IF([1]生データ_製品!$F15113="生産品",[1]生データ_製品!$D15113,NA()) -> 290.8 | W2504: 292.3 | X2504: 293.7 | Y2504: 290.9 | Z2504: =IF([1]生データ_製品!$F17823="生産品",[1]生データ_製品!$D17823,NA()) -> 294.7 | AA2504: 294.2 | AB2504: 295.6 | AC2504: 292.8 | AD2504: =IF([1]生データ_製品!$F20422="生産品",[1]生データ_製品!$D20422,NA()) -> 294.9 | AE2504: 295.2 | AF2504: 296.6 | AG2504: 293.8 | AH2504: =IF([1]生データ_製品!$F23015="生産品",[1]生データ_製品!$D23015,NA()) -> 293.3 | AI2504: 295.8 | AJ2504: 297.2 | AK2504: 294.4 | AL2504: =IF([1]生データ_製品!$F25563="生産品",[1]生データ_製品!$D25563,NA()) -> 294.5 | AM2504: 292.5 | AN2504: 293.9 | AO2504: 291.1 | AP2504: =IF([1]生データ_製品!$F28079="生産品",[1]生データ_製品!$D28079,NA()) -> 295.2 | AQ2504: 294.1 | AR2504: 295.5 | AS2504: 292.7 | AT2504: =IF([1]生データ_製品!$F30604="生産品",[1]生データ_製品!$D30604,NA()) -> 294.5 | AU2504: 293 | AV2504: 294.4 | AW2504: 291.6 | AY2504: 293.8 | AZ2504: 295.2 | BA2504: 292.4 | BC2504: 293.7 | BD2504: 295.1 | BE2504: 292.3 | BG2504: 293.6 | BH2504: 295 | BI2504: 292.2
A2505: 2501 | C2505: 294.4 | D2505: 295.8 | E2505: 293 | F2505: =IF([1]生データ_製品!$F4964="生産品",[1]生データ_製品!$D4964,NA()) -> 293.4 | G2505: 295.2 | H2505: 296.64 | I2505: 293.8 | K2505: 294.2 | L2505: 295.64 | M2505: 292.8 | N2505: =IF([1]生データ_製品!$F10002="生産品",[1]生データ_製品!$D10002,NA()) -> 295.7 | O2505: 295.4 | P2505: 296.8 | Q2505: 294 | S2505: 292.5 | T2505: 293.9 | U2505: 291.1 | V2505: =IF([1]生データ_製品!$F15114="生産品",[1]生データ_製品!$D15114,NA()) -> 292.7 | W2505: 292.3 | X2505: 293.7 | Y2505: 290.9 | Z2505: =IF([1]生データ_製品!$F17824="生産品",[1]生データ_製品!$D17824,NA()) -> 295.8 | AA2505: 294.2 | AB2505: 295.6 | AC2505: 292.8 | AD2505: =IF([1]生データ_製品!$F20423="生産品",[1]生データ_製品!$D20423,NA()) -> 295.6 | AE2505: 295.2 | AF2505: 296.6 | AG2505: 293.8 | AH2505: =IF([1]生データ_製品!$F23016="生産品",[1]生データ_製品!$D23016,NA()) -> 292.8 | AI2505: 295.8 | AJ2505: 297.2 | AK2505: 294.4 | AL2505: =IF([1]生データ_製品!$F25564="生産品",[1]生データ_製品!$D25564,NA()) -> 294.9 | AM2505: 292.5 | AN2505: 293.9 | AO2505: 291.1 | AP2505: =IF([1]生データ_製品!$F28080="生産品",[1]生データ_製品!$D28080,NA()) -> 292.4 | AQ2505: 294.1 | AR2505: 295.5 | AS2505: 292.7 | AT2505: =IF([1]生データ_製品!$F30605="生産品",[1]生データ_製品!$D30605,NA()) -> 292 | AU2505: 293 | AV2505: 294.4 | AW2505: 291.6 | AY2505: 293.8 | AZ2505: 295.2 | BA2505: 292.4 | BC2505: 293.7 | BD2505: 295.1 | BE2505: 292.3 | BG2505: 293.6 | BH2505: 295 | BI2505: 292.2
A2506: 2502 | C2506: 294.4 | D2506: 295.8 | E2506: 293 | F2506: =IF([1]生データ_製品!$F4965="生産品",[1]生データ_製品!$D4965,NA()) -> 293.6 | G2506: 295.2 | H2506: 296.64 | I2506: 293.8 | K2506: 294.2 | L2506: 295.64 | M2506: 292.8 | N2506: =IF([1]生データ_製品!$F10003="生産品",[1]生データ_製品!$D10003,NA()) -> 295.8 | O2506: 295.4 | P2506: 296.8 | Q2506: 294 | S2506: 292.5 | T2506: 293.9 | U2506: 291.1 | V2506: =IF([1]生データ_製品!$F15115="生産品",[1]生データ_製品!$D15115,NA()) -> 291.3 | W2506: 292.3 | X2506: 293.7 | Y2506: 290.9 | Z2506: =IF([1]生データ_製品!$F17825="生産品",[1]生データ_製品!$D17825,NA()) -> 294 | AA2506: 294.2 | AB2506: 295.6 | AC2506: 292.8 | AD2506: =IF([1]生データ_製品!$F20424="生産品",[1]生データ_製品!$D20424,NA()) -> 294.7 | AE2506: 295.2 | AF2506: 296.6 | AG2506: 293.8 | AH2506: =IF([1]生データ_製品!$F23017="生産品",[1]生データ_製品!$D23017,NA()) -> 292.6 | AI2506: 295.8 | AJ2506: 297.2 | AK2506: 294.4 | AL2506: =IF([1]生データ_製品!$F25565="生産品",[1]生データ_製品!$D25565,NA()) -> 294.7 | AM2506: 292.5 | AN2506: 293.9 | AO2506: 291.1 | AP2506: =IF([1]生データ_製品!$F28081="生産品",[1]生データ_製品!$D28081,NA()) -> 293.6 | AQ2506: 294.1 | AR2506: 295.5 | AS2506: 292.7 | AT2506: =IF([1]生データ_製品!$F30606="生産品",[1]生データ_製品!$D30606,NA()) -> 294.1 | AU2506: 293 | AV2506: 294.4 | AW2506: 291.6 | AY2506: 293.8 | AZ2506: 295.2 | BA2506: 292.4 | BC2506: 293.7 | BD2506: 295.1 | BE2506: 292.3 | BG2506: 293.6 | BH2506: 295 | BI2506: 292.2
A2507: 2503 | C2507: 294.4 | D2507: 295.8 | E2507: 293 | F2507: =IF([1]生データ_製品!$F4966="生産品",[1]生データ_製品!$D4966,NA()) -> 293.8 | G2507: 295.2 | H2507: 296.64 | I2507: 293.8 | K2507: 294.2 | L2507: 295.64 | M2507: 292.8 | N2507: =IF([1]生データ_製品!$F10004="生産品",[1]生データ_製品!$D10004,NA()) -> 295.9 | O2507: 295.4 | P2507: 296.8 | Q2507: 294 | S2507: 292.5 | T2507: 293.9 | U2507: 291.1 | V2507: =IF([1]生データ_製品!$F15116="生産品",[1]生データ_製品!$D15116,NA()) -> 292.5 | W2507: 292.3 | X2507: 293.7 | Y2507: 290.9 | Z2507: =IF([1]生データ_製品!$F17826="生産品",[1]生データ_製品!$D17826,NA()) -> 295.5 | AA2507: 294.2 | AB2507: 295.6 | AC2507: 292.8 | AD2507: =IF([1]生データ_製品!$F20425="生産品",[1]生データ_製品!$D20425,NA()) -> 294.5 | AE2507: 295.2 | AF2507: 296.6 | AG2507: 293.8 | AH2507: =IF([1]生データ_製品!$F23018="生産品",[1]生データ_製品!$D23018,NA()) -> 292.9 | AI2507: 295.8 | AJ2507: 297.2 | AK2507: 294.4 | AL2507: =IF([1]生データ_製品!$F25566="生産品",[1]生データ_製品!$D25566,NA()) -> 295 | AM2507: 292.5 | AN2507: 293.9 | AO2507: 291.1 | AP2507: =IF([1]生データ_製品!$F28082="生産品",[1]生データ_製品!$D28082,NA()) -> 293.6 | AQ2507: 294.1 | AR2507: 295.5 | AS2507: 292.7 | AT2507: =IF([1]生データ_製品!$F30607="生産品",[1]生データ_製品!$D30607,NA()) -> 294.2 | AU2507: 293 | AV2507: 294.4 | AW2507: 291.6 | AY2507: 293.8 | AZ2507: 295.2 | BA2507: 292.4 | BC2507: 293.7 | BD2507: 295.1 | BE2507: 292.3 | BG2507: 293.6 | BH2507: 295 | BI2507: 292.2
A2508: 2504 | C2508: 294.4 | D2508: 295.8 | E2508: 293 | F2508: =IF([1]生データ_製品!$F4967="生産品",[1]生データ_製品!$D4967,NA()) -> 293.1 | G2508: 295.2 | H2508: 296.64 | I2508: 293.8 | K2508: 294.2 | L2508: 295.64 | M2508: 292.8 | N2508: =IF([1]生データ_製品!$F10005="生産品",[1]生データ_製品!$D10005,NA()) -> 296 | O2508: 295.4 | P2508: 296.8 | Q2508: 294 | S2508: 292.5 | T2508: 293.9 | U2508: 291.1 | V2508: =IF([1]生データ_製品!$F15117="生産品",[1]生データ_製品!$D15117,NA()) -> 295.2 | W2508: 292.3 | X2508: 293.7 | Y2508: 290.9 | Z2508: =IF([1]生データ_製品!$F17827="生産品",[1]生データ_製品!$D17827,NA()) -> 295.4 | AA2508: 294.2 | AB2508: 295.6 | AC2508: 292.8 | AD2508: =IF([1]生データ_製品!$F20426="生産品",[1]生データ_製品!$D20426,NA()) -> 294.6 | AE2508: 295.2 | AF2508: 296.6 | AG2508: 293.8 | AH2508: =IF([1]生データ_製品!$F23019="生産品",[1]生データ_製品!$D23019,NA()) -> 293.1 | AI2508: 295.8 | AJ2508: 297.2 | AK2508: 294.4 | AL2508: =IF([1]生データ_製品!$F25567="生産品",[1]生データ_製品!$D25567,NA()) -> 294.7 | AM2508: 292.5 | AN2508: 293.9 | AO2508: 291.1 | AP2508: =IF([1]生データ_製品!$F28083="生産品",[1]生データ_製品!$D28083,NA()) -> 293.3 | AQ2508: 294.1 | AR2508: 295.5 | AS2508: 292.7 | AT2508: =IF([1]生データ_製品!$F30608="生産品",[1]生データ_製品!$D30608,NA()) -> #N/A | AU2508: 293 | AV2508: 294.4 | AW2508: 291.6 | AY2508: 293.8 | AZ2508: 295.2 | BA2508: 292.4 | BC2508: 293.7 | BD2508: 295.1 | BE2508: 292.3 | BG2508: 293.6 | BH2508: 295 | BI2508: 292.2
A2509: 2505 | C2509: 294.4 | D2509: 295.8 | E2509: 293 | F2509: =IF([1]生データ_製品!$F4968="生産品",[1]生データ_製品!$D4968,NA()) -> 293.3 | G2509: 295.2 | H2509: 296.64 | I2509: 293.8 | K2509: 294.2 | L2509: 295.64 | M2509: 292.8 | N2509: =IF([1]生データ_製品!$F10006="生産品",[1]生データ_製品!$D10006,NA()) -> 295.5 | O2509: 295.4 | P2509: 296.8 | Q2509: 294 | S2509: 292.5 | T2509: 293.9 | U2509: 291.1 | V2509: =IF([1]生データ_製品!$F15118="生産品",[1]生データ_製品!$D15118,NA()) -> 291.1 | W2509: 292.3 | X2509: 293.7 | Y2509: 290.9 | Z2509: =IF([1]生データ_製品!$F17828="生産品",[1]生データ_製品!$D17828,NA()) -> 293 | AA2509: 294.2 | AB2509: 295.6 | AC2509: 292.8 | AD2509: =IF([1]生データ_製品!$F20427="生産品",[1]生データ_製品!$D20427,NA()) -> 294.7 | AE2509: 295.2 | AF2509: 296.6 | AG2509: 293.8 | AH2509: =IF([1]生データ_製品!$F23020="生産品",[1]生データ_製品!$D23020,NA()) -> 293.5 | AI2509: 295.8 | AJ2509: 297.2 | AK2509: 294.4 | AL2509: =IF([1]生データ_製品!$F25568="生産品",[1]生データ_製品!$D25568,NA()) -> 295.1 | AM2509: 292.5 | AN2509: 293.9 | AO2509: 291.1 | AP2509: =IF([1]生データ_製品!$F28084="生産品",[1]生データ_製品!$D28084,NA()) -> 293.2 | AQ2509: 294.1 | AR2509: 295.5 | AS2509: 292.7 | AT2509: =IF([1]生データ_製品!$F30609="生産品",[1]生データ_製品!$D30609,NA()) -> 292 | AU2509: 293 | AV2509: 294.4 | AW2509: 291.6 | AY2509: 293.8 | AZ2509: 295.2 | BA2509: 292.4 | BC2509: 293.7 | BD2509: 295.1 | BE2509: 292.3 | BG2509: 293.6 | BH2509: 295 | BI2509: 292.2
A2510: 2506 | C2510: 294.4 | D2510: 295.8 | E2510: 293 | F2510: =IF([1]生データ_製品!$F4969="生産品",[1]生データ_製品!$D4969,NA()) -> 293.7 | G2510: 295.2 | H2510: 296.64 | I2510: 293.8 | K2510: 294.2 | L2510: 295.64 | M2510: 292.8 | N2510: =IF([1]生データ_製品!$F10007="生産品",[1]生データ_製品!$D10007,NA()) -> 295.4 | O2510: 295.4 | P2510: 296.8 | Q2510: 294 | S2510: 292.5 | T2510: 293.9 | U2510: 291.1 | V2510: =IF([1]生データ_製品!$F15119="生産品",[1]生データ_製品!$D15119,NA()) -> 291.2 | W2510: 292.3 | X2510: 293.7 | Y2510: 290.9 | Z2510: =IF([1]生データ_製品!$F17829="生産品",[1]生データ_製品!$D17829,NA()) -> 294.8 | AA2510: 294.2 | AB2510: 295.6 | AC2510: 292.8 | AD2510: =IF([1]生データ_製品!$F20428="生産品",[1]生データ_製品!$D20428,NA()) -> 295.4 | AE2510: 295.2 | AF2510: 296.6 | AG2510: 293.8 | AH2510: =IF([1]生データ_製品!$F23021="生産品",[1]生データ_製品!$D23021,NA()) -> 292.8 | AI2510: 295.8 | AJ2510: 297.2 | AK2510: 294.4 | AL2510: =IF([1]生データ_製品!$F25569="生産品",[1]生データ_製品!$D25569,NA()) -> 294.2 | AM2510: 292.5 | AN2510: 293.9 | AO2510: 291.1 | AP2510: =IF([1]生データ_製品!$F28085="生産品",[1]生データ_製品!$D28085,NA()) -> 292.6 | AQ2510: 294.1 | AR2510: 295.5 | AS2510: 292.7 | AT2510: =IF([1]生データ_製品!$F30610="生産品",[1]生データ_製品!$D30610,NA()) -> 294.1 | AU2510: 293 | AV2510: 294.4 | AW2510: 291.6 | AY2510: 293.8 | AZ2510: 295.2 | BA2510: 292.4 | BC2510: 293.7 | BD2510: 295.1 | BE2510: 292.3 | BG2510: 293.6 | BH2510: 295 | BI2510: 292.2
A2511: 2507 | C2511: 294.4 | D2511: 295.8 | E2511: 293 | F2511: =IF([1]生データ_製品!$F4970="生産品",[1]生データ_製品!$D4970,NA()) -> 293.9 | G2511: 295.2 | H2511: 296.64 | I2511: 293.8 | K2511: 294.2 | L2511: 295.64 | M2511: 292.8 | N2511: =IF([1]生データ_製品!$F10008="生産品",[1]生データ_製品!$D10008,NA()) -> 295.2 | O2511: 295.4 | P2511: 296.8 | Q2511: 294 | S2511: 292.5 | T2511: 293.9 | U2511: 291.1 | V2511: =IF([1]生データ_製品!$F15120="生産品",[1]生データ_製品!$D15120,NA()) -> 292.3 | W2511: 292.3 | X2511: 293.7 | Y2511: 290.9 | Z2511: =IF([1]生データ_製品!$F17830="生産品",[1]生データ_製品!$D17830,NA()) -> 293.1 | AA2511: 294.2 | AB2511: 295.6 | AC2511: 292.8 | AD2511: =IF([1]生データ_製品!$F20429="生産品",[1]生データ_製品!$D20429,NA()) -> 294.8 | AE2511: 295.2 | AF2511: 296.6 | AG2511: 293.8 | AH2511: =IF([1]生データ_製品!$F23022="生産品",[1]生データ_製品!$D23022,NA()) -> 293 | AI2511: 295.8 | AJ2511: 297.2 | AK2511: 294.4 | AL2511: =IF([1]生データ_製品!$F25570="生産品",[1]生データ_製品!$D25570,NA()) -> 293.9 | AM2511: 292.5 | AN2511: 293.9 | AO2511: 291.1 | AP2511: =IF([1]生データ_製品!$F28086="生産品",[1]生データ_製品!$D28086,NA()) -> 293 | AQ2511: 294.1 | AR2511: 295.5 | AS2511: 292.7 | AT2511: =IF([1]生データ_製品!$F30611="生産品",[1]生データ_製品!$D30611,NA()) -> 291.8 | AU2511: 293 | AV2511: 294.4 | AW2511: 291.6 | AY2511: 293.8 | AZ2511: 295.2 | BA2511: 292.4 | BC2511: 293.7 | BD2511: 295.1 | BE2511: 292.3 | BG2511: 293.6 | BH2511: 295 | BI2511: 292.2
A2512: 2508 | C2512: 294.4 | D2512: 295.8 | E2512: 293 | F2512: =IF([1]生データ_製品!$F4971="生産品",[1]生データ_製品!$D4971,NA()) -> 294 | G2512: 295.2 | H2512: 296.64 | I2512: 293.8 | K2512: 294.2 | L2512: 295.64 | M2512: 292.8 | N2512: =IF([1]生データ_製品!$F10009="生産品",[1]生データ_製品!$D10009,NA()) -> 295.6 | O2512: 295.4 | P2512: 296.8 | Q2512: 294 | S2512: 292.5 | T2512: 293.9 | U2512: 291.1 | V2512: =IF([1]生データ_製品!$F15121="生産品",[1]生データ_製品!$D15121,NA()) -> 295.2 | W2512: 292.3 | X2512: 293.7 | Y2512: 290.9 | Z2512: =IF([1]生データ_製品!$F17831="生産品",[1]生データ_製品!$D17831,NA()) -> 293.7 | AA2512: 294.2 | AB2512: 295.6 | AC2512: 292.8 | AD2512: =IF([1]生データ_製品!$F20430="生産品",[1]生データ_製品!$D20430,NA()) -> 294.8 | AE2512: 295.2 | AF2512: 296.6 | AG2512: 293.8 | AH2512: =IF([1]生データ_製品!$F23023="生産品",[1]生データ_製品!$D23023,NA()) -> 292.5 | AI2512: 295.8 | AJ2512: 297.2 | AK2512: 294.4 | AL2512: =IF([1]生データ_製品!$F25571="生産品",[1]生データ_製品!$D25571,NA()) -> 292 | AM2512: 292.5 | AN2512: 293.9 | AO2512: 291.1 | AP2512: =IF([1]生データ_製品!$F28087="生産品",[1]生データ_製品!$D28087,NA()) -> 292.9 | AQ2512: 294.1 | AR2512: 295.5 | AS2512: 292.7 | AT2512: =IF([1]生データ_製品!$F30612="生産品",[1]生データ_製品!$D30612,NA()) -> 294.7 | AU2512: 293 | AV2512: 294.4 | AW2512: 291.6 | AY2512: 293.8 | AZ2512: 295.2 | BA2512: 292.4 | BC2512: 293.7 | BD2512: 295.1 | BE2512: 292.3 | BG2512: 293.6 | BH2512: 295 | BI2512: 292.2
A2513: 2509 | C2513: 294.4 | D2513: 295.8 | E2513: 293 | F2513: =IF([1]生データ_製品!$F4972="生産品",[1]生データ_製品!$D4972,NA()) -> 293.8 | G2513: 295.2 | H2513: 296.64 | I2513: 293.8 | K2513: 294.2 | L2513: 295.64 | M2513: 292.8 | N2513: =IF([1]生データ_製品!$F10010="生産品",[1]生データ_製品!$D10010,NA()) -> 295.8 | O2513: 295.4 | P2513: 296.8 | Q2513: 294 | S2513: 292.5 | T2513: 293.9 | U2513: 291.1 | V2513: =IF([1]生データ_製品!$F15122="生産品",[1]生データ_製品!$D15122,NA()) -> 295.3 | W2513: 292.3 | X2513: 293.7 | Y2513: 290.9 | Z2513: =IF([1]生データ_製品!$F17832="生産品",[1]生データ_製品!$D17832,NA()) -> 295 | AA2513: 294.2 | AB2513: 295.6 | AC2513: 292.8 | AD2513: =IF([1]生データ_製品!$F20431="生産品",[1]生データ_製品!$D20431,NA()) -> 294.7 | AE2513: 295.2 | AF2513: 296.6 | AG2513: 293.8 | AH2513: =IF([1]生データ_製品!$F23024="生産品",[1]生データ_製品!$D23024,NA()) -> 293.3 | AI2513: 295.8 | AJ2513: 297.2 | AK2513: 294.4 | AL2513: =IF([1]生データ_製品!$F25572="生産品",[1]生データ_製品!$D25572,NA()) -> 293.2 | AM2513: 292.5 | AN2513: 293.9 | AO2513: 291.1 | AP2513: =IF([1]生データ_製品!$F28088="生産品",[1]生データ_製品!$D28088,NA()) -> 293 | AQ2513: 294.1 | AR2513: 295.5 | AS2513: 292.7 | AT2513: =IF([1]生データ_製品!$F30613="生産品",[1]生データ_製品!$D30613,NA()) -> 294.3 | AU2513: 293 | AV2513: 294.4 | AW2513: 291.6 | AY2513: 293.8 | AZ2513: 295.2 | BA2513: 292.4 | BC2513: 293.7 | BD2513: 295.1 | BE2513: 292.3 | BG2513: 293.6 | BH2513: 295 | BI2513: 292.2
A2514: 2510 | C2514: 294.4 | D2514: 295.8 | E2514: 293 | F2514: =IF([1]生データ_製品!$F4973="生産品",[1]生データ_製品!$D4973,NA()) -> 296.6 | G2514: 295.2 | H2514: 296.64 | I2514: 293.8 | K2514: 294.2 | L2514: 295.64 | M2514: 292.8 | N2514: =IF([1]生データ_製品!$F10011="生産品",[1]生データ_製品!$D10011,NA()) -> 295.7 | O2514: 295.4 | P2514: 296.8 | Q2514: 294 | S2514: 292.5 | T2514: 293.9 | U2514: 291.1 | V2514: =IF([1]生データ_製品!$F15123="生産品",[1]生データ_製品!$D15123,NA()) -> 295.3 | W2514: 292.3 | X2514: 293.7 | Y2514: 290.9 | Z2514: =IF([1]生データ_製品!$F17833="生産品",[1]生データ_製品!$D17833,NA()) -> 296.3 | AA2514: 294.2 | AB2514: 295.6 | AC2514: 292.8 | AD2514: =IF([1]生データ_製品!$F20432="生産品",[1]生データ_製品!$D20432,NA()) -> 295.3 | AE2514: 295.2 | AF2514: 296.6 | AG2514: 293.8 | AH2514: =IF([1]生データ_製品!$F23025="生産品",[1]生データ_製品!$D23025,NA()) -> 292.5 | AI2514: 295.8 | AJ2514: 297.2 | AK2514: 294.4 | AL2514: =IF([1]生データ_製品!$F25573="生産品",[1]生データ_製品!$D25573,NA()) -> 292.1 | AM2514: 292.5 | AN2514: 293.9 | AO2514: 291.1 | AP2514: =IF([1]生データ_製品!$F28089="生産品",[1]生データ_製品!$D28089,NA()) -> 293 | AQ2514: 294.1 | AR2514: 295.5 | AS2514: 292.7 | AT2514: =IF([1]生データ_製品!$F30614="生産品",[1]生データ_製品!$D30614,NA()) -> 291.7 | AU2514: 293 | AV2514: 294.4 | AW2514: 291.6 | AY2514: 293.8 | AZ2514: 295.2 | BA2514: 292.4 | BC2514: 293.7 | BD2514: 295.1 | BE2514: 292.3 | BG2514: 293.6 | BH2514: 295 | BI2514: 292.2
... A2520: 2516 | C2520: 294.4 | D2520: 295.8 | E2520: 293 | F2520: =IF([1]生データ_製品!$F4979="生産品",[1]生データ_製品!$D4979,NA()) -> 296.5 | G2520: 295.2 | H2520: 296.64 | I2520: 293.8 | K2520: 294.2 | L2520: 295.64 | M2520: 292.8 | N2520: =IF([1]生データ_製品!$F10017="生産品",[1]生データ_製品!$D10017,NA()) -> 295.7 | O2520: 295.4 | P2520: 296.8 | Q2520: 294 | S2520: 292.5 | T2520: 293.9 | U2520: 291.1 | V2520: =IF([1]生データ_製品!$F15129="生産品",[1]生データ_製品!$D15129,NA()) -> 295.2 | W2520: 292.3 | X2520: 293.7 | Y2520: 290.9 | Z2520: =IF([1]生データ_製品!$F17839="生産品",[1]生データ_製品!$D17839,NA()) -> 295.3 | AA2520: 294.2 | AB2520: 295.6 | AC2520: 292.8 | AD2520: =IF([1]生データ_製品!$F20438="生産品",[1]生データ_製品!$D20438,NA()) -> 294.9 | AE2520: 295.2 | AF2520: 296.6 | AG2520: 293.8 | AH2520: =IF([1]生データ_製品!$F23031="生産品",[1]生データ_製品!$D23031,NA()) -> 291.6 | AI2520: 295.8 | AJ2520: 297.2 | AK2520: 294.4 | AL2520: =IF([1]生データ_製品!$F25579="生産品",[1]生データ_製品!$D25579,NA()) -> #N/A | AM2520: 292.5 | AN2520: 293.9 | AO2520: 291.1 | AP2520: =IF([1]生データ_製品!$F28095="生産品",[1]生データ_製品!$D28095,NA()) -> 295 | AQ2520: 294.1 | AR2520: 295.5 | AS2520: 292.7 | AT2520: =IF([1]生データ_製品!$F30620="生産品",[1]生データ_製品!$D30620,NA()) -> 291.5 | AU2520: 293 | AV2520: 294.4 | AW2520: 291.6 | AY2520: 293.8 | AZ2520: 295.2 | BA2520: 292.4 | BC2520: 293.7 | BD2520: 295.1 | BE2520: 292.3 | BG2520: 293.6 | BH2520: 295 | BI2520: 292.2
A2521: 2517 | C2521: 294.4 | D2521: 295.8 | E2521: 293 | F2521: =IF([1]生データ_製品!$F4980="生産品",[1]生データ_製品!$D4980,NA()) -> 296.3 | G2521: 295.2 | H2521: 296.64 | I2521: 293.8 | K2521: 294.2 | L2521: 295.64 | M2521: 292.8 | N2521: =IF([1]生データ_製品!$F10018="生産品",[1]生データ_製品!$D10018,NA()) -> 295.5 | O2521: 295.4 | P2521: 296.8 | Q2521: 294 | S2521: 292.5 | T2521: 293.9 | U2521: 291.1 | V2521: =IF([1]生データ_製品!$F15130="生産品",[1]生データ_製品!$D15130,NA()) -> 295.1 | W2521: 292.3 | X2521: 293.7 | Y2521: 290.9 | Z2521: =IF([1]生データ_製品!$F17840="生産品",[1]生データ_製品!$D17840,NA()) -> 295.5 | AA2521: 294.2 | AB2521: 295.6 | AC2521: 292.8 | AD2521: =IF([1]生データ_製品!$F20439="生産品",[1]生データ_製品!$D20439,NA()) -> 294.4 | AE2521: 295.2 | AF2521: 296.6 | AG2521: 293.8 | AH2521: =IF([1]生データ_製品!$F23032="生産品",[1]生データ_製品!$D23032,NA()) -> 293 | AI2521: 295.8 | AJ2521: 297.2 | AK2521: 294.4 | AM2521: 292.5 | AN2521: 293.9 | AO2521: 291.1 | AP2521: =IF([1]生データ_製品!$F28096="生産品",[1]生データ_製品!$D28096,NA()) -> 293.3 | AQ2521: 294.1 | AR2521: 295.5 | AS2521: 292.7 | AT2521: =IF([1]生データ_製品!$F30621="生産品",[1]生データ_製品!$D30621,NA()) -> 295.2 | AU2521: 293 | AV2521: 294.4 | AW2521: 291.6 | AY2521: 293.8 | AZ2521: 295.2 | BA2521: 292.4 | BC2521: 293.7 | BD2521: 295.1 | BE2521: 292.3 | BG2521: 293.6 | BH2521: 295 | BI2521: 292.2
A2522: 2518 | C2522: 294.4 | D2522: 295.8 | E2522: 293 | F2522: =IF([1]生データ_製品!$F4981="生産品",[1]生データ_製品!$D4981,NA()) -> 296.1 | G2522: 295.2 | H2522: 296.64 | I2522: 293.8 | K2522: 294.2 | L2522: 295.64 | M2522: 292.8 | N2522: =IF([1]生データ_製品!$F10019="生産品",[1]生データ_製品!$D10019,NA()) -> 296 | O2522: 295.4 | P2522: 296.8 | Q2522: 294 | S2522: 292.5 | T2522: 293.9 | U2522: 291.1 | V2522: =IF([1]生データ_製品!$F15131="生産品",[1]生データ_製品!$D15131,NA()) -> 295.4 | W2522: 292.3 | X2522: 293.7 | Y2522: 290.9 | Z2522: =IF([1]生データ_製品!$F17841="生産品",[1]生データ_製品!$D17841,NA()) -> 295.5 | AA2522: 294.2 | AB2522: 295.6 | AC2522: 292.8 | AD2522: =IF([1]生データ_製品!$F20440="生産品",[1]生データ_製品!$D20440,NA()) -> 295.8 | AE2522: 295.2 | AF2522: 296.6 | AG2522: 293.8 | AH2522: =IF([1]生データ_製品!$F23033="生産品",[1]生データ_製品!$D23033,NA()) -> 292.8 | AI2522: 295.8 | AJ2522: 297.2 | AK2522: 294.4 | AM2522: 292.5 | AN2522: 293.9 | AO2522: 291.1 | AP2522: =IF([1]生データ_製品!$F28097="生産品",[1]生データ_製品!$D28097,NA()) -> 292.9 | AQ2522: 294.1 | AR2522: 295.5 | AS2522: 292.7 | AT2522: =IF([1]生データ_製品!$F30622="生産品",[1]生データ_製品!$D30622,NA()) -> 292.7 | AU2522: 293 | AV2522: 294.4 | AW2522: 291.6 | AY2522: 293.8 | AZ2522: 295.2 | BA2522: 292.4 | BC2522: 293.7 | BD2522: 295.1 | BE2522: 292.3 | BG2522: 293.6 | BH2522: 295 | BI2522: 292.2
A2523: 2519 | C2523: 294.4 | D2523: 295.8 | E2523: 293 | F2523: =IF([1]生データ_製品!$F4982="生産品",[1]生データ_製品!$D4982,NA()) -> 296.1 | G2523: 295.2 | H2523: 296.64 | I2523: 293.8 | K2523: 294.2 | L2523: 295.64 | M2523: 292.8 | N2523: =IF([1]生データ_製品!$F10020="生産品",[1]生データ_製品!$D10020,NA()) -> 296.2 | O2523: 295.4 | P2523: 296.8 | Q2523: 294 | S2523: 292.5 | T2523: 293.9 | U2523: 291.1 | V2523: =IF([1]生データ_製品!$F15132="生産品",[1]生データ_製品!$D15132,NA()) -> 297 | W2523: 292.3 | X2523: 293.7 | Y2523: 290.9 | Z2523: =IF([1]生データ_製品!$F17842="生産品",[1]生データ_製品!$D17842,NA()) -> 295.1 | AA2523: 294.2 | AB2523: 295.6 | AC2523: 292.8 | AD2523: =IF([1]生データ_製品!$F20441="生産品",[1]生データ_製品!$D20441,NA()) -> 294.6 | AE2523: 295.2 | AF2523: 296.6 | AG2523: 293.8 | AH2523: =IF([1]生データ_製品!$F23034="生産品",[1]生データ_製品!$D23034,NA()) -> 292.7 | AI2523: 295.8 | AJ2523: 297.2 | AK2523: 294.4 | AM2523: 292.5 | AN2523: 293.9 | AO2523: 291.1 | AP2523: =IF([1]生データ_製品!$F28098="生産品",[1]生データ_製品!$D28098,NA()) -> 292.7 | AQ2523: 294.1 | AR2523: 295.5 | AS2523: 292.7 | AT2523: =IF([1]生データ_製品!$F30623="生産品",[1]生データ_製品!$D30623,NA()) -> 295.2 | AU2523: 293 | AV2523: 294.4 | AW2523: 291.6 | AY2523: 293.8 | AZ2523: 295.2 | BA2523: 292.4 | BC2523: 293.7 | BD2523: 295.1 | BE2523: 292.3 | BG2523: 293.6 | BH2523: 295 | BI2523: 292.2
A2524: 2520 | C2524: 294.4 | D2524: 295.8 | E2524: 293 | F2524: =IF([1]生データ_製品!$F4983="生産品",[1]生データ_製品!$D4983,NA()) -> 295.7 | G2524: 295.2 | H2524: 296.64 | I2524: 293.8 | K2524: 294.2 | L2524: 295.64 | M2524: 292.8 | N2524: =IF([1]生データ_製品!$F10021="生産品",[1]生データ_製品!$D10021,NA()) -> 295.5 | O2524: 295.4 | P2524: 296.8 | Q2524: 294 | S2524: 292.5 | T2524: 293.9 | U2524: 291.1 | V2524: =IF([1]生データ_製品!$F15133="生産品",[1]生データ_製品!$D15133,NA()) -> 295.3 | W2524: 292.3 | X2524: 293.7 | Y2524: 290.9 | Z2524: =IF([1]生データ_製品!$F17843="生産品",[1]生データ_製品!$D17843,NA()) -> 295.7 | AA2524: 294.2 | AB2524: 295.6 | AC2524: 292.8 | AD2524: =IF([1]生データ_製品!$F20442="生産品",[1]生データ_製品!$D20442,NA()) -> 295.1 | AE2524: 295.2 | AF2524: 296.6 | AG2524: 293.8 | AH2524: =IF([1]生データ_製品!$F23035="生産品",[1]生データ_製品!$D23035,NA()) -> 292.7 | AI2524: 295.8 | AJ2524: 297.2 | AK2524: 294.4 | AM2524: 292.5 | AN2524: 293.9 | AO2524: 291.1 | AP2524: =IF([1]生データ_製品!$F28099="生産品",[1]生データ_製品!$D28099,NA()) -> 293 | AQ2524: 294.1 | AR2524: 295.5 | AS2524: 292.7 | AT2524: =IF([1]生データ_製品!$F30624="生産品",[1]生データ_製品!$D30624,NA()) -> 294.5 | AU2524: 293 | AV2524: 294.4 | AW2524: 291.6 | AY2524: 293.8 | AZ2524: 295.2 | BA2524: 292.4 | BC2524: 293.7 | BD2524: 295.1 | BE2524: 292.3 | BG2524: 293.6 | BH2524: 295 | BI2524: 292.2
A2525: 2521 | C2525: 294.4 | D2525: 295.8 | E2525: 293 | F2525: =IF([1]生データ_製品!$F4984="生産品",[1]生データ_製品!$D4984,NA()) -> 295.7 | G2525: 295.2 | H2525: 296.64 | I2525: 293.8 | K2525: 294.2 | L2525: 295.64 | M2525: 292.8 | N2525: =IF([1]生データ_製品!$F10022="生産品",[1]生データ_製品!$D10022,NA()) -> 296 | O2525: 295.4 | P2525: 296.8 | Q2525: 294 | S2525: 292.5 | T2525: 293.9 | U2525: 291.1 | V2525: =IF([1]生データ_製品!$F15134="生産品",[1]生データ_製品!$D15134,NA()) -> 295.4 | W2525: 292.3 | X2525: 293.7 | Y2525: 290.9 | Z2525: =IF([1]生データ_製品!$F17844="生産品",[1]生データ_製品!$D17844,NA()) -> 292.9 | AA2525: 294.2 | AB2525: 295.6 | AC2525: 292.8 | AD2525: =IF([1]生データ_製品!$F20443="生産品",[1]生データ_製品!$D20443,NA()) -> 294.8 | AE2525: 295.2 | AF2525: 296.6 | AG2525: 293.8 | AH2525: =IF([1]生データ_製品!$F23036="生産品",[1]生データ_製品!$D23036,NA()) -> 296 | AI2525: 295.8 | AJ2525: 297.2 | AK2525: 294.4 | AM2525: 292.5 | AN2525: 293.9 | AO2525: 291.1 | AP2525: =IF([1]生データ_製品!$F28100="生産品",[1]生データ_製品!$D28100,NA()) -> 292.7 | AQ2525: 294.1 | AR2525: 295.5 | AS2525: 292.7 | AT2525: =IF([1]生データ_製品!$F30625="生産品",[1]生データ_製品!$D30625,NA()) -> #N/A | AU2525: 293 | AV2525: 294.4 | AW2525: 291.6 | AY2525: 293.8 | AZ2525: 295.2 | BA2525: 292.4 | BC2525: 293.7 | BD2525: 295.1 | BE2525: 292.3 | BG2525: 293.6 | BH2525: 295 | BI2525: 292.2
A2526: 2522 | C2526: 294.4 | D2526: 295.8 | E2526: 293 | F2526: =IF([1]生データ_製品!$F4985="生産品",[1]生データ_製品!$D4985,NA()) -> 296.1 | G2526: 295.2 | H2526: 296.64 | I2526: 293.8 | K2526: 294.2 | L2526: 295.64 | M2526: 292.8 | N2526: =IF([1]生データ_製品!$F10023="生産品",[1]生データ_製品!$D10023,NA()) -> 296.3 | O2526: 295.4 | P2526: 296.8 | Q2526: 294 | S2526: 292.5 | T2526: 293.9 | U2526: 291.1 | V2526: =IF([1]生データ_製品!$F15135="生産品",[1]生データ_製品!$D15135,NA()) -> 295.6 | W2526: 292.3 | X2526: 293.7 | Y2526: 290.9 | Z2526: =IF([1]生データ_製品!$F17845="生産品",[1]生データ_製品!$D17845,NA()) -> 296.5 | AA2526: 294.2 | AB2526: 295.6 | AC2526: 292.8 | AD2526: =IF([1]生データ_製品!$F20444="生産品",[1]生データ_製品!$D20444,NA()) -> 295.6 | AE2526: 295.2 | AF2526: 296.6 | AG2526: 293.8 | AH2526: =IF([1]生データ_製品!$F23037="生産品",[1]生データ_製品!$D23037,NA()) -> 294.9 | AI2526: 295.8 | AJ2526: 297.2 | AK2526: 294.4 | AM2526: 292.5 | AN2526: 293.9 | AO2526: 291.1 | AP2526: =IF([1]生データ_製品!$F28101="生産品",[1]生データ_製品!$D28101,NA()) -> 293 | AQ2526: 294.1 | AR2526: 295.5 | AS2526: 292.7 | AT2526: =IF([1]生データ_製品!$F30626="生産品",[1]生データ_製品!$D30626,NA()) -> 292.9 | AU2526: 293 | AV2526: 294.4 | AW2526: 291.6 | AY2526: 293.8 | AZ2526: 295.2 | BA2526: 292.4 | BC2526: 293.7 | BD2526: 295.1 | BE2526: 292.3 | BG2526: 293.6 | BH2526: 295 | BI2526: 292.2
A2527: 2523 | C2527: 294.4 | D2527: 295.8 | E2527: 293 | F2527: =IF([1]生データ_製品!$F4986="生産品",[1]生データ_製品!$D4986,NA()) -> 296.3 | G2527: 295.2 | H2527: 296.64 | I2527: 293.8 | K2527: 294.2 | L2527: 295.64 | M2527: 292.8 | N2527: =IF([1]生データ_製品!$F10024="生産品",[1]生データ_製品!$D10024,NA()) -> 295.4 | O2527: 295.4 | P2527: 296.8 | Q2527: 294 | S2527: 292.5 | T2527: 293.9 | U2527: 291.1 | V2527: =IF([1]生データ_製品!$F15136="生産品",[1]生データ_製品!$D15136,NA()) -> 295.3 | W2527: 292.3 | X2527: 293.7 | Y2527: 290.9 | Z2527: =IF([1]生データ_製品!$F17846="生産品",[1]生データ_製品!$D17846,NA()) -> 296.6 | AA2527: 294.2 | AB2527: 295.6 | AC2527: 292.8 | AD2527: =IF([1]生データ_製品!$F20445="生産品",[1]生データ_製品!$D20445,NA()) -> 294.6 | AE2527: 295.2 | AF2527: 296.6 | AG2527: 293.8 | AH2527: =IF([1]生データ_製品!$F23038="生産品",[1]生データ_製品!$D23038,NA()) -> #N/A | AI2527: 295.8 | AJ2527: 297.2 | AK2527: 294.4 | AM2527: 292.5 | AN2527: 293.9 | AO2527: 291.1 | AP2527: =IF([1]生データ_製品!$F28102="生産品",[1]生データ_製品!$D28102,NA()) -> 292.7 | AQ2527: 294.1 | AR2527: 295.5 | AS2527: 292.7 | AT2527: =IF([1]生データ_製品!$F30627="生産品",[1]生データ_製品!$D30627,NA()) -> 292.7 | AU2527: 293 | AV2527: 294.4 | AW2527: 291.6 | AY2527: 293.8 | AZ2527: 295.2 | BA2527: 292.4 | BC2527: 293.7 | BD2527: 295.1 | BE2527: 292.3 | BG2527: 293.6 | BH2527: 295 | BI2527: 292.2
A2528: 2524 | C2528: 294.4 | D2528: 295.8 | E2528: 293 | F2528: =IF([1]生データ_製品!$F4987="生産品",[1]生データ_製品!$D4987,NA()) -> 296 | G2528: 295.2 | H2528: 296.64 | I2528: 293.8 | K2528: 294.2 | L2528: 295.64 | M2528: 292.8 | N2528: =IF([1]生データ_製品!$F10025="生産品",[1]生データ_製品!$D10025,NA()) -> 295.5 | O2528: 295.4 | P2528: 296.8 | Q2528: 294 | S2528: 292.5 | T2528: 293.9 | U2528: 291.1 | V2528: =IF([1]生データ_製品!$F15137="生産品",[1]生データ_製品!$D15137,NA()) -> 295.4 | W2528: 292.3 | X2528: 293.7 | Y2528: 290.9 | Z2528: =IF([1]生データ_製品!$F17847="生産品",[1]生データ_製品!$D17847,NA()) -> 295.3 | AA2528: 294.2 | AB2528: 295.6 | AC2528: 292.8 | AD2528: =IF([1]生データ_製品!$F20446="生産品",[1]生データ_製品!$D20446,NA()) -> 295.1 | AE2528: 295.2 | AF2528: 296.6 | AG2528: 293.8 | AH2528: =IF([1]生データ_製品!$F23039="生産品",[1]生データ_製品!$D23039,NA()) -> 295.6 | AI2528: 295.8 | AJ2528: 297.2 | AK2528: 294.4 | AM2528: 292.5 | AN2528: 293.9 | AO2528: 291.1 | AP2528: =IF([1]生データ_製品!$F28103="生産品",[1]生データ_製品!$D28103,NA()) -> 295.5 | AQ2528: 294.1 | AR2528: 295.5 | AS2528: 292.7 | AT2528: =IF([1]生データ_製品!$F30628="生産品",[1]生データ_製品!$D30628,NA()) -> #N/A | AU2528: 293 | AV2528: 294.4 | AW2528: 291.6 | AY2528: 293.8 | AZ2528: 295.2 | BA2528: 292.4 | BC2528: 293.7 | BD2528: 295.1 | BE2528: 292.3 | BG2528: 293.6 | BH2528: 295 | BI2528: 292.2
A2529: 2525 | C2529: 294.4 | D2529: 295.8 | E2529: 293 | F2529: =IF([1]生データ_製品!$F4988="生産品",[1]生データ_製品!$D4988,NA()) -> 296.1 | G2529: 295.2 | H2529: 296.64 | I2529: 293.8 | K2529: 294.2 | L2529: 295.64 | M2529: 292.8 | N2529: =IF([1]生データ_製品!$F10026="生産品",[1]生データ_製品!$D10026,NA()) -> 296 | O2529: 295.4 | P2529: 296.8 | Q2529: 294 | S2529: 292.5 | T2529: 293.9 | U2529: 291.1 | V2529: =IF([1]生データ_製品!$F15138="生産品",[1]生データ_製品!$D15138,NA()) -> 295.5 | W2529: 292.3 | X2529: 293.7 | Y2529: 290.9 | Z2529: =IF([1]生データ_製品!$F17848="生産品",[1]生データ_製品!$D17848,NA()) -> 293.9 | AA2529: 294.2 | AB2529: 295.6 | AC2529: 292.8 | AD2529: =IF([1]生データ_製品!$F20447="生産品",[1]生データ_製品!$D20447,NA()) -> 295.3 | AE2529: 295.2 | AF2529: 296.6 | AG2529: 293.8 | AH2529: =IF([1]生データ_製品!$F23040="生産品",[1]生データ_製品!$D23040,NA()) -> 295.4 | AI2529: 295.8 | AJ2529: 297.2 | AK2529: 294.4 | AM2529: 292.5 | AN2529: 293.9 | AO2529: 291.1 | AP2529: =IF([1]生データ_製品!$F28104="生産品",[1]生データ_製品!$D28104,NA()) -> #N/A | AQ2529: 294.1 | AR2529: 295.5 | AS2529: 292.7 | AT2529: =IF([1]生データ_製品!$F30629="生産品",[1]生データ_製品!$D30629,NA()) -> #N/A | AU2529: 293 | AV2529: 294.4 | AW2529: 291.6 | AY2529: 293.8 | AZ2529: 295.2 | BA2529: 292.4 | BC2529: 293.7 | BD2529: 295.1 | BE2529: 292.3 | BG2529: 293.6 | BH2529: 295 | BI2529: 292.2
A2530: 2526 | C2530: 294.4 | D2530: 295.8 | E2530: 293 | F2530: =IF([1]生データ_製品!$F4989="生産品",[1]生データ_製品!$D4989,NA()) -> 296.2 | G2530: 295.2 | H2530: 296.64 | I2530: 293.8 | K2530: 294.2 | L2530: 295.64 | M2530: 292.8 | N2530: =IF([1]生データ_製品!$F10027="生産品",[1]生データ_製品!$D10027,NA()) -> 295.9 | O2530: 295.4 | P2530: 296.8 | Q2530: 294 | S2530: 292.5 | T2530: 293.9 | U2530: 291.1 | V2530: =IF([1]生データ_製品!$F15139="生産品",[1]生データ_製品!$D15139,NA()) -> 293.4 | W2530: 292.3 | X2530: 293.7 | Y2530: 290.9 | Z2530: =IF([1]生データ_製品!$F17849="生産品",[1]生データ_製品!$D17849,NA()) -> 295.7 | AA2530: 294.2 | AB2530: 295.6 | AC2530: 292.8 | AD2530: =IF([1]生データ_製品!$F20448="生産品",[1]生データ_製品!$D20448,NA()) -> 295.1 | AE2530: 295.2 | AF2530: 296.6 | AG2530: 293.8 | AH2530: =IF([1]生データ_製品!$F23041="生産品",[1]生データ_製品!$D23041,NA()) -> 295.6 | AI2530: 295.8 | AJ2530: 297.2 | AK2530: 294.4 | AM2530: 292.5 | AN2530: 293.9 | AO2530: 291.1 | AQ2530: 294.1 | AR2530: 295.5 | AS2530: 292.7 | AT2530: =IF([1]生データ_製品!$F30630="生産品",[1]生データ_製品!$D30630,NA()) -> #N/A | AU2530: 293 | AV2530: 294.4 | AW2530: 291.6 | AY2530: 293.8 | AZ2530: 295.2 | BA2530: 292.4 | BC2530: 293.7 | BD2530: 295.1 | BE2530: 292.3 | BG2530: 293.6 | BH2530: 295 | BI2530: 292.2
A2531: 2527 | C2531: 294.4 | D2531: 295.8 | E2531: 293 | F2531: =IF([1]生データ_製品!$F4990="生産品",[1]生データ_製品!$D4990,NA()) -> 296.2 | G2531: 295.2 | H2531: 296.64 | I2531: 293.8 | K2531: 294.2 | L2531: 295.64 | M2531: 292.8 | N2531: =IF([1]生データ_製品!$F10028="生産品",[1]生データ_製品!$D10028,NA()) -> 295.7 | O2531: 295.4 | P2531: 296.8 | Q2531: 294 | S2531: 292.5 | T2531: 293.9 | U2531: 291.1 | V2531: =IF([1]生データ_製品!$F15140="生産品",[1]生データ_製品!$D15140,NA()) -> 293.3 | W2531: 292.3 | X2531: 293.7 | Y2531: 290.9 | Z2531: =IF([1]生データ_製品!$F17850="生産品",[1]生データ_製品!$D17850,NA()) -> 295.9 | AA2531: 294.2 | AB2531: 295.6 | AC2531: 292.8 | AD2531: =IF([1]生データ_製品!$F20449="生産品",[1]生データ_製品!$D20449,NA()) -> 294.7 | AE2531: 295.2 | AF2531: 296.6 | AG2531: 293.8 | AH2531: =IF([1]生データ_製品!$F23042="生産品",[1]生データ_製品!$D23042,NA()) -> 295 | AI2531: 295.8 | AJ2531: 297.2 | AK2531: 294.4 | AM2531: 292.5 | AN2531: 293.9 | AO2531: 291.1 | AQ2531: 294.1 | AR2531: 295.5 | AS2531: 292.7 | AT2531: =IF([1]生データ_製品!$F30631="生産品",[1]生データ_製品!$D30631,NA()) -> 291.3 | AU2531: 293 | AV2531: 294.4 | AW2531: 291.6 | AY2531: 293.8 | AZ2531: 295.2 | BA2531: 292.4 | BC2531: 293.7 | BD2531: 295.1 | BE2531: 292.3 | BG2531: 293.6 | BH2531: 295 | BI2531: 292.2
A2532: 2528 | C2532: 294.4 | D2532: 295.8 | E2532: 293 | F2532: =IF([1]生データ_製品!$F4991="生産品",[1]生データ_製品!$D4991,NA()) -> 296.1 | G2532: 295.2 | H2532: 296.64 | I2532: 293.8 | K2532: 294.2 | L2532: 295.64 | M2532: 292.8 | N2532: =IF([1]生データ_製品!$F10029="生産品",[1]生データ_製品!$D10029,NA()) -> 295.6 | O2532: 295.4 | P2532: 296.8 | Q2532: 294 | S2532: 292.5 | T2532: 293.9 | U2532: 291.1 | V2532: =IF([1]生データ_製品!$F15141="生産品",[1]生データ_製品!$D15141,NA()) -> 293.5 | W2532: 292.3 | X2532: 293.7 | Y2532: 290.9 | Z2532: =IF([1]生データ_製品!$F17851="生産品",[1]生データ_製品!$D17851,NA()) -> 295.6 | AA2532: 294.2 | AB2532: 295.6 | AC2532: 292.8 | AD2532: =IF([1]生データ_製品!$F20450="生産品",[1]生データ_製品!$D20450,NA()) -> 296.2 | AE2532: 295.2 | AF2532: 296.6 | AG2532: 293.8 | AH2532: =IF([1]生データ_製品!$F23043="生産品",[1]生データ_製品!$D23043,NA()) -> 295.1 | AI2532: 295.8 | AJ2532: 297.2 | AK2532: 294.4 | AM2532: 292.5 | AN2532: 293.9 | AO2532: 291.1 | AQ2532: 294.1 | AR2532: 295.5 | AS2532: 292.7 | AT2532: =IF([1]生データ_製品!$F30632="生産品",[1]生データ_製品!$D30632,NA()) -> 293.9 | AU2532: 293 | AV2532: 294.4 | AW2532: 291.6 | AY2532: 293.8 | AZ2532: 295.2 | BA2532: 292.4 | BC2532: 293.7 | BD2532: 295.1 | BE2532: 292.3 | BG2532: 293.6 | BH2532: 295 | BI2532: 292.2
A2533: 2529 | C2533: 294.4 | D2533: 295.8 | E2533: 293 | F2533: =IF([1]生データ_製品!$F4992="生産品",[1]生データ_製品!$D4992,NA()) -> 296 | G2533: 295.2 | H2533: 296.64 | I2533: 293.8 | K2533: 294.2 | L2533: 295.64 | M2533: 292.8 | N2533: =IF([1]生データ_製品!$F10030="生産品",[1]生データ_製品!$D10030,NA()) -> 295.5 | O2533: 295.4 | P2533: 296.8 | Q2533: 294 | S2533: 292.5 | T2533: 293.9 | U2533: 291.1 | V2533: =IF([1]生データ_製品!$F15142="生産品",[1]生データ_製品!$D15142,NA()) -> 292.6 | W2533: 292.3 | X2533: 293.7 | Y2533: 290.9 | Z2533: =IF([1]生データ_製品!$F17852="生産品",[1]生データ_製品!$D17852,NA()) -> 294.6 | AA2533: 294.2 | AB2533: 295.6 | AC2533: 292.8 | AD2533: =IF([1]生データ_製品!$F20451="生産品",[1]生データ_製品!$D20451,NA()) -> 294.8 | AE2533: 295.2 | AF2533: 296.6 | AG2533: 293.8 | AH2533: =IF([1]生データ_製品!$F23044="生産品",[1]生データ_製品!$D23044,NA()) -> 294.8 | AI2533: 295.8 | AJ2533: 297.2 | AK2533: 294.4 | AM2533: 292.5 | AN2533: 293.9 | AO2533: 291.1 | AQ2533: 294.1 | AR2533: 295.5 | AS2533: 292.7 | AT2533: =IF([1]生データ_製品!$F30633="生産品",[1]生データ_製品!$D30633,NA()) -> 294.5 | AU2533: 293 | AV2533: 294.4 | AW2533: 291.6 | AY2533: 293.8 | AZ2533: 295.2 | BA2533: 292.4 | BC2533: 293.7 | BD2533: 295.1 | BE2533: 292.3 | BG2533: 293.6 | BH2533: 295 | BI2533: 292.2
A2534: 2530 | C2534: 294.4 | D2534: 295.8 | E2534: 293 | F2534: =IF([1]生データ_製品!$F4993="生産品",[1]生データ_製品!$D4993,NA()) -> 295.7 | G2534: 295.2 | H2534: 296.64 | I2534: 293.8 | K2534: 294.2 | L2534: 295.64 | M2534: 292.8 | N2534: =IF([1]生データ_製品!$F10031="生産品",[1]生データ_製品!$D10031,NA()) -> 295.4 | O2534: 295.4 | P2534: 296.8 | Q2534: 294 | S2534: 292.5 | T2534: 293.9 | U2534: 291.1 | V2534: =IF([1]生データ_製品!$F15143="生産品",[1]生データ_製品!$D15143,NA()) -> 293.2 | W2534: 292.3 | X2534: 293.7 | Y2534: 290.9 | Z2534: =IF([1]生データ_製品!$F17853="生産品",[1]生データ_製品!$D17853,NA()) -> 295.6 | AA2534: 294.2 | AB2534: 295.6 | AC2534: 292.8 | AD2534: =IF([1]生データ_製品!$F20452="生産品",[1]生データ_製品!$D20452,NA()) -> 296.2 | AE2534: 295.2 | AF2534: 296.6 | AG2534: 293.8 | AH2534: =IF([1]生データ_製品!$F23045="生産品",[1]生データ_製品!$D23045,NA()) -> 295.6 | AI2534: 295.8 | AJ2534: 297.2 | AK2534: 294.4 | AM2534: 292.5 | AN2534: 293.9 | AO2534: 291.1 | AQ2534: 294.1 | AR2534: 295.5 | AS2534: 292.7 | AT2534: =IF([1]生データ_製品!$F30634="生産品",[1]生データ_製品!$D30634,NA()) -> 291.9 | AU2534: 293 | AV2534: 294.4 | AW2534: 291.6 | AY2534: 293.8 | AZ2534: 295.2 | BA2534: 292.4 | BC2534: 293.7 | BD2534: 295.1 | BE2534: 292.3 | BG2534: 293.6 | BH2534: 295 | BI2534: 292.2
A2535: 2531 | C2535: 294.4 | D2535: 295.8 | E2535: 293 | F2535: =IF([1]生データ_製品!$F4994="生産品",[1]生データ_製品!$D4994,NA()) -> 295.7 | G2535: 295.2 | H2535: 296.64 | I2535: 293.8 | K2535: 294.2 | L2535: 295.64 | M2535: 292.8 | N2535: =IF([1]生データ_製品!$F10032="生産品",[1]生データ_製品!$D10032,NA()) -> 295.8 | O2535: 295.4 | P2535: 296.8 | Q2535: 294 | S2535: 292.5 | T2535: 293.9 | U2535: 291.1 | V2535: =IF([1]生データ_製品!$F15144="生産品",[1]生データ_製品!$D15144,NA()) -> 293.2 | W2535: 292.3 | X2535: 293.7 | Y2535: 290.9 | Z2535: =IF([1]生データ_製品!$F17854="生産品",[1]生データ_製品!$D17854,NA()) -> 294.1 | AA2535: 294.2 | AB2535: 295.6 | AC2535: 292.8 | AD2535: =IF([1]生データ_製品!$F20453="生産品",[1]生データ_製品!$D20453,NA()) -> 295.5 | AE2535: 295.2 | AF2535: 296.6 | AG2535: 293.8 | AH2535: =IF([1]生データ_製品!$F23046="生産品",[1]生データ_製品!$D23046,NA()) -> 292.4 | AI2535: 295.8 | AJ2535: 297.2 | AK2535: 294.4 | AM2535: 292.5 | AN2535: 293.9 | AO2535: 291.1 | AQ2535: 294.1 | AR2535: 295.5 | AS2535: 292.7 | AT2535: =IF([1]生データ_製品!$F30635="生産品",[1]生データ_製品!$D30635,NA()) -> 294 | AU2535: 293 | AV2535: 294.4 | AW2535: 291.6 | AY2535: 293.8 | AZ2535: 295.2 | BA2535: 292.4 | BC2535: 293.7 | BD2535: 295.1 | BE2535: 292.3 | BG2535: 293.6 | BH2535: 295 | BI2535: 292.2
A2536: 2532 | C2536: 294.4 | D2536: 295.8 | E2536: 293 | F2536: =IF([1]生データ_製品!$F4995="生産品",[1]生データ_製品!$D4995,NA()) -> 296.2 | G2536: 295.2 | H2536: 296.64 | I2536: 293.8 | K2536: 294.2 | L2536: 295.64 | M2536: 292.8 | N2536: =IF([1]生データ_製品!$F10033="生産品",[1]生データ_製品!$D10033,NA()) -> 295.2 | O2536: 295.4 | P2536: 296.8 | Q2536: 294 | S2536: 292.5 | T2536: 293.9 | U2536: 291.1 | V2536: =IF([1]生データ_製品!$F15145="生産品",[1]生データ_製品!$D15145,NA()) -> 294.9 | W2536: 292.3 | X2536: 293.7 | Y2536: 290.9 | Z2536: =IF([1]生データ_製品!$F17855="生産品",[1]生データ_製品!$D17855,NA()) -> 295.4 | AA2536: 294.2 | AB2536: 295.6 | AC2536: 292.8 | AD2536: =IF([1]生データ_製品!$F20454="生産品",[1]生データ_製品!$D20454,NA()) -> 295 | AE2536: 295.2 | AF2536: 296.6 | AG2536: 293.8 | AH2536: =IF([1]生データ_製品!$F23047="生産品",[1]生データ_製品!$D23047,NA()) -> 293.2 | AI2536: 295.8 | AJ2536: 297.2 | AK2536: 294.4 | AM2536: 292.5 | AN2536: 293.9 | AO2536: 291.1 | AQ2536: 294.1 | AR2536: 295.5 | AS2536: 292.7 | AT2536: =IF([1]生データ_製品!$F30636="生産品",[1]生データ_製品!$D30636,NA()) -> 291.8 | AU2536: 293 | AV2536: 294.4 | AW2536: 291.6 | AY2536: 293.8 | AZ2536: 295.2 | BA2536: 292.4 | BC2536: 293.7 | BD2536: 295.1 | BE2536: 292.3 | BG2536: 293.6 | BH2536: 295 | BI2536: 292.2
A2537: 2533 | C2537: 294.4 | D2537: 295.8 | E2537: 293 | F2537: =IF([1]生データ_製品!$F4996="生産品",[1]生データ_製品!$D4996,NA()) -> 296.1 | G2537: 295.2 | H2537: 296.64 | I2537: 293.8 | K2537: 294.2 | L2537: 295.64 | M2537: 292.8 | N2537: =IF([1]生データ_製品!$F10034="生産品",[1]生データ_製品!$D10034,NA()) -> 295.7 | O2537: 295.4 | P2537: 296.8 | Q2537: 294 | S2537: 292.5 | T2537: 293.9 | U2537: 291.1 | V2537: =IF([1]生データ_製品!$F15146="生産品",[1]生データ_製品!$D15146,NA()) -> 295.7 | W2537: 292.3 | X2537: 293.7 | Y2537: 290.9 | Z2537: =IF([1]生データ_製品!$F17856="生産品",[1]生データ_製品!$D17856,NA()) -> 295.2 | AA2537: 294.2 | AB2537: 295.6 | AC2537: 292.8 | AD2537: =IF([1]生データ_製品!$F20455="生産品",[1]生データ_製品!$D20455,NA()) -> 295 | AE2537: 295.2 | AF2537: 296.6 | AG2537: 293.8 | AH2537: =IF([1]生データ_製品!$F23048="生産品",[1]生データ_製品!$D23048,NA()) -> 292.8 | AI2537: 295.8 | AJ2537: 297.2 | AK2537: 294.4 | AM2537: 292.5 | AN2537: 293.9 | AO2537: 291.1 | AQ2537: 294.1 | AR2537: 295.5 | AS2537: 292.7 | AT2537: =IF([1]生データ_製品!$F30637="生産品",[1]生データ_製品!$D30637,NA()) -> 292.5 | AU2537: 293 | AV2537: 294.4 | AW2537: 291.6 | AY2537: 293.8 | AZ2537: 295.2 | BA2537: 292.4 | BC2537: 293.7 | BD2537: 295.1 | BE2537: 292.3 | BG2537: 293.6 | BH2537: 295 | BI2537: 292.2
A2538: 2534 | C2538: 294.4 | D2538: 295.8 | E2538: 293 | F2538: =IF([1]生データ_製品!$F4997="生産品",[1]生データ_製品!$D4997,NA()) -> 296 | G2538: 295.2 | H2538: 296.64 | I2538: 293.8 | K2538: 294.2 | L2538: 295.64 | M2538: 292.8 | N2538: =IF([1]生データ_製品!$F10035="生産品",[1]生データ_製品!$D10035,NA()) -> 295.8 | O2538: 295.4 | P2538: 296.8 | Q2538: 294 | S2538: 292.5 | T2538: 293.9 | U2538: 291.1 | V2538: =IF([1]生データ_製品!$F15147="生産品",[1]生データ_製品!$D15147,NA()) -> 292.4 | W2538: 292.3 | X2538: 293.7 | Y2538: 290.9 | Z2538: =IF([1]生データ_製品!$F17857="生産品",[1]生データ_製品!$D17857,NA()) -> 295.2 | AA2538: 294.2 | AB2538: 295.6 | AC2538: 292.8 | AD2538: =IF([1]生データ_製品!$F20456="生産品",[1]生データ_製品!$D20456,NA()) -> 296 | AE2538: 295.2 | AF2538: 296.6 | AG2538: 293.8 | AH2538: =IF([1]生データ_製品!$F23049="生産品",[1]生データ_製品!$D23049,NA()) -> 292.9 | AI2538: 295.8 | AJ2538: 297.2 | AK2538: 294.4 | AM2538: 292.5 | AN2538: 293.9 | AO2538: 291.1 | AQ2538: 294.1 | AR2538: 295.5 | AS2538: 292.7 | AT2538: =IF([1]生データ_製品!$F30638="生産品",[1]生データ_製品!$D30638,NA()) -> 294.2 | AU2538: 293 | AV2538: 294.4 | AW2538: 291.6 | AY2538: 293.8 | AZ2538: 295.2 | BA2538: 292.4 | BC2538: 293.7 | BD2538: 295.1 | BE2538: 292.3 | BG2538: 293.6 | BH2538: 295 | BI2538: 292.2
A2539: 2535 | C2539: 294.4 | D2539: 295.8 | E2539: 293 | F2539: =IF([1]生データ_製品!$F4998="生産品",[1]生データ_製品!$D4998,NA()) -> 296.1 | G2539: 295.2 | H2539: 296.64 | I2539: 293.8 | K2539: 294.2 | L2539: 295.64 | M2539: 292.8 | N2539: =IF([1]生データ_製品!$F10036="生産品",[1]生データ_製品!$D10036,NA()) -> 295.7 | O2539: 295.4 | P2539: 296.8 | Q2539: 294 | S2539: 292.5 | T2539: 293.9 | U2539: 291.1 | V2539: =IF([1]生データ_製品!$F15148="生産品",[1]生データ_製品!$D15148,NA()) -> 292.4 | W2539: 292.3 | X2539: 293.7 | Y2539: 290.9 | Z2539: =IF([1]生データ_製品!$F17858="生産品",[1]生データ_製品!$D17858,NA()) -> 294.4 | AA2539: 294.2 | AB2539: 295.6 | AC2539: 292.8 | AD2539: =IF([1]生データ_製品!$F20457="生産品",[1]生データ_製品!$D20457,NA()) -> 296 | AE2539: 295.2 | AF2539: 296.6 | AG2539: 293.8 | AH2539: =IF([1]生データ_製品!$F23050="生産品",[1]生データ_製品!$D23050,NA()) -> 291.9 | AI2539: 295.8 | AJ2539: 297.2 | AK2539: 294.4 | AM2539: 292.5 | AN2539: 293.9 | AO2539: 291.1 | AQ2539: 294.1 | AR2539: 295.5 | AS2539: 292.7 | AT2539: =IF([1]生データ_製品!$F30639="生産品",[1]生データ_製品!$D30639,NA()) -> 294.6 | AU2539: 293 | AV2539: 294.4 | AW2539: 291.6 | AY2539: 293.8 | AZ2539: 295.2 | BA2539: 292.4 | BC2539: 293.7 | BD2539: 295.1 | BE2539: 292.3 | BG2539: 293.6 | BH2539: 295 | BI2539: 292.2
A2540: 2536 | C2540: 294.4 | D2540: 295.8 | E2540: 293 | F2540: =IF([1]生データ_製品!$F4999="生産品",[1]生データ_製品!$D4999,NA()) -> 296.2 | G2540: 295.2 | H2540: 296.64 | I2540: 293.8 | K2540: 294.2 | L2540: 295.64 | M2540: 292.8 | N2540: =IF([1]生データ_製品!$F10037="生産品",[1]生データ_製品!$D10037,NA()) -> 296.3 | O2540: 295.4 | P2540: 296.8 | Q2540: 294 | S2540: 292.5 | T2540: 293.9 | U2540: 291.1 | V2540: =IF([1]生データ_製品!$F15149="生産品",[1]生データ_製品!$D15149,NA()) -> 293 | W2540: 292.3 | X2540: 293.7 | Y2540: 290.9 | Z2540: =IF([1]生データ_製品!$F17859="生産品",[1]生データ_製品!$D17859,NA()) -> 295.3 | AA2540: 294.2 | AB2540: 295.6 | AC2540: 292.8 | AD2540: =IF([1]生データ_製品!$F20458="生産品",[1]生データ_製品!$D20458,NA()) -> 295.1 | AE2540: 295.2 | AF2540: 296.6 | AG2540: 293.8 | AH2540: =IF([1]生データ_製品!$F23051="生産品",[1]生データ_製品!$D23051,NA()) -> 292.8 | AI2540: 295.8 | AJ2540: 297.2 | AK2540: 294.4 | AM2540: 292.5 | AN2540: 293.9 | AO2540: 291.1 | AQ2540: 294.1 | AR2540: 295.5 | AS2540: 292.7 | AT2540: =IF([1]生データ_製品!$F30640="生産品",[1]生データ_製品!$D30640,NA()) -> #N/A | AU2540: 293 | AV2540: 294.4 | AW2540: 291.6 | AY2540: 293.8 | AZ2540: 295.2 | BA2540: 292.4 | BC2540: 293.7 | BD2540: 295.1 | BE2540: 292.3 | BG2540: 293.6 | BH2540: 295 | BI2540: 292.2
A2541: 2537 | C2541: 294.4 | D2541: 295.8 | E2541: 293 | F2541: =IF([1]生データ_製品!$F5000="生産品",[1]生データ_製品!$D5000,NA()) -> 296 | G2541: 295.2 | H2541: 296.64 | I2541: 293.8 | K2541: 294.2 | L2541: 295.64 | M2541: 292.8 | N2541: =IF([1]生データ_製品!$F10038="生産品",[1]生データ_製品!$D10038,NA()) -> 295.4 | O2541: 295.4 | P2541: 296.8 | Q2541: 294 | S2541: 292.5 | T2541: 293.9 | U2541: 291.1 | V2541: =IF([1]生データ_製品!$F15150="生産品",[1]生データ_製品!$D15150,NA()) -> 292.5 | W2541: 292.3 | X2541: 293.7 | Y2541: 290.9 | Z2541: =IF([1]生データ_製品!$F17860="生産品",[1]生データ_製品!$D17860,NA()) -> 294.1 | AA2541: 294.2 | AB2541: 295.6 | AC2541: 292.8 | AD2541: =IF([1]生データ_製品!$F20459="生産品",[1]生データ_製品!$D20459,NA()) -> 295.3 | AE2541: 295.2 | AF2541: 296.6 | AG2541: 293.8 | AH2541: =IF([1]生データ_製品!$F23052="生産品",[1]生データ_製品!$D23052,NA()) -> 295.1 | AI2541: 295.8 | AJ2541: 297.2 | AK2541: 294.4 | AM2541: 292.5 | AN2541: 293.9 | AO2541: 291.1 | AQ2541: 294.1 | AR2541: 295.5 | AS2541: 292.7 | AT2541: =IF([1]生データ_製品!$F30641="生産品",[1]生データ_製品!$D30641,NA()) -> 292 | AU2541: 293 | AV2541: 294.4 | AW2541: 291.6 | AY2541: 293.8 | AZ2541: 295.2 | BA2541: 292.4 | BC2541: 293.7 | BD2541: 295.1 | BE2541: 292.3 | BG2541: 293.6 | BH2541: 295 | BI2541: 292.2
... A2552: 2548 | C2552: 294.4 | D2552: 295.8 | E2552: 293 | F2552: =IF([1]生データ_製品!$F5011="生産品",[1]生データ_製品!$D5011,NA()) -> 295.9 | G2552: 295.2 | H2552: 296.64 | I2552: 293.8 | K2552: 294.2 | L2552: 295.64 | M2552: 292.8 | N2552: =IF([1]生データ_製品!$F10049="生産品",[1]生データ_製品!$D10049,NA()) -> 292.6 | O2552: 295.4 | P2552: 296.8 | Q2552: 294 | S2552: 292.5 | T2552: 293.9 | U2552: 291.1 | V2552: =IF([1]生データ_製品!$F15161="生産品",[1]生データ_製品!$D15161,NA()) -> 294.1 | W2552: 292.3 | X2552: 293.7 | Y2552: 290.9 | Z2552: =IF([1]生データ_製品!$F17871="生産品",[1]生データ_製品!$D17871,NA()) -> 294.1 | AA2552: 294.2 | AB2552: 295.6 | AC2552: 292.8 | AD2552: =IF([1]生データ_製品!$F20470="生産品",[1]生データ_製品!$D20470,NA()) -> 295 | AE2552: 295.2 | AF2552: 296.6 | AG2552: 293.8 | AH2552: =IF([1]生データ_製品!$F23063="生産品",[1]生データ_製品!$D23063,NA()) -> 292.7 | AI2552: 295.8 | AJ2552: 297.2 | AK2552: 294.4 | AM2552: 292.5 | AN2552: 293.9 | AO2552: 291.1 | AQ2552: 294.1 | AR2552: 295.5 | AS2552: 292.7 | AT2552: =IF([1]生データ_製品!$F30652="生産品",[1]生データ_製品!$D30652,NA()) -> 294 | AU2552: 293 | AV2552: 294.4 | AW2552: 291.6 | AY2552: 293.8 | AZ2552: 295.2 | BA2552: 292.4 | BC2552: 293.7 | BD2552: 295.1 | BE2552: 292.3 | BG2552: 293.6 | BH2552: 295 | BI2552: 292.2
A2553: 2549 | C2553: 294.4 | D2553: 295.8 | E2553: 293 | F2553: =IF([1]生データ_製品!$F5012="生産品",[1]生データ_製品!$D5012,NA()) -> 296.3 | G2553: 295.2 | H2553: 296.64 | I2553: 293.8 | K2553: 294.2 | L2553: 295.64 | M2553: 292.8 | N2553: =IF([1]生データ_製品!$F10050="生産品",[1]生データ_製品!$D10050,NA()) -> 292.8 | O2553: 295.4 | P2553: 296.8 | Q2553: 294 | S2553: 292.5 | T2553: 293.9 | U2553: 291.1 | V2553: =IF([1]生データ_製品!$F15162="生産品",[1]生データ_製品!$D15162,NA()) -> 294.8 | W2553: 292.3 | X2553: 293.7 | Y2553: 290.9 | Z2553: =IF([1]生データ_製品!$F17872="生産品",[1]生データ_製品!$D17872,NA()) -> 293.1 | AA2553: 294.2 | AB2553: 295.6 | AC2553: 292.8 | AD2553: =IF([1]生データ_製品!$F20471="生産品",[1]生データ_製品!$D20471,NA()) -> 295.1 | AE2553: 295.2 | AF2553: 296.6 | AG2553: 293.8 | AI2553: 295.8 | AJ2553: 297.2 | AK2553: 294.4 | AM2553: 292.5 | AN2553: 293.9 | AO2553: 291.1 | AQ2553: 294.1 | AR2553: 295.5 | AS2553: 292.7 | AT2553: =IF([1]生データ_製品!$F30653="生産品",[1]生データ_製品!$D30653,NA()) -> 294 | AU2553: 293 | AV2553: 294.4 | AW2553: 291.6 | AY2553: 293.8 | AZ2553: 295.2 | BA2553: 292.4 | BC2553: 293.7 | BD2553: 295.1 | BE2553: 292.3 | BG2553: 293.6 | BH2553: 295 | BI2553: 292.2
A2554: 2550 | C2554: 294.4 | D2554: 295.8 | E2554: 293 | F2554: =IF([1]生データ_製品!$F5013="生産品",[1]生データ_製品!$D5013,NA()) -> 295.9 | G2554: 295.2 | H2554: 296.64 | I2554: 293.8 | K2554: 294.2 | L2554: 295.64 | M2554: 292.8 | N2554: =IF([1]生データ_製品!$F10051="生産品",[1]生データ_製品!$D10051,NA()) -> 293 | O2554: 295.4 | P2554: 296.8 | Q2554: 294 | S2554: 292.5 | T2554: 293.9 | U2554: 291.1 | V2554: =IF([1]生データ_製品!$F15163="生産品",[1]生データ_製品!$D15163,NA()) -> 294.6 | W2554: 292.3 | X2554: 293.7 | Y2554: 290.9 | Z2554: =IF([1]生データ_製品!$F17873="生産品",[1]生データ_製品!$D17873,NA()) -> 293 | AA2554: 294.2 | AB2554: 295.6 | AC2554: 292.8 | AD2554: =IF([1]生データ_製品!$F20472="生産品",[1]生データ_製品!$D20472,NA()) -> 295.5 | AE2554: 295.2 | AF2554: 296.6 | AG2554: 293.8 | AI2554: 295.8 | AJ2554: 297.2 | AK2554: 294.4 | AM2554: 292.5 | AN2554: 293.9 | AO2554: 291.1 | AQ2554: 294.1 | AR2554: 295.5 | AS2554: 292.7 | AT2554: =IF([1]生データ_製品!$F30654="生産品",[1]生データ_製品!$D30654,NA()) -> 294 | AU2554: 293 | AV2554: 294.4 | AW2554: 291.6 | AY2554: 293.8 | AZ2554: 295.2 | BA2554: 292.4 | BC2554: 293.7 | BD2554: 295.1 | BE2554: 292.3 | BG2554: 293.6 | BH2554: 295 | BI2554: 292.2
A2555: 2551 | C2555: 294.4 | D2555: 295.8 | E2555: 293 | F2555: =IF([1]生データ_製品!$F5014="生産品",[1]生データ_製品!$D5014,NA()) -> 295.9 | G2555: 295.2 | H2555: 296.64 | I2555: 293.8 | K2555: 294.2 | L2555: 295.64 | M2555: 292.8 | N2555: =IF([1]生データ_製品!$F10052="生産品",[1]生データ_製品!$D10052,NA()) -> 292.4 | O2555: 295.4 | P2555: 296.8 | Q2555: 294 | S2555: 292.5 | T2555: 293.9 | U2555: 291.1 | V2555: =IF([1]生データ_製品!$F15164="生産品",[1]生データ_製品!$D15164,NA()) -> 292.7 | W2555: 292.3 | X2555: 293.7 | Y2555: 290.9 | Z2555: =IF([1]生データ_製品!$F17874="生産品",[1]生データ_製品!$D17874,NA()) -> 293.5 | AA2555: 294.2 | AB2555: 295.6 | AC2555: 292.8 | AD2555: =IF([1]生データ_製品!$F20473="生産品",[1]生データ_製品!$D20473,NA()) -> 294.8 | AE2555: 295.2 | AF2555: 296.6 | AG2555: 293.8 | AI2555: 295.8 | AJ2555: 297.2 | AK2555: 294.4 | AM2555: 292.5 | AN2555: 293.9 | AO2555: 291.1 | AQ2555: 294.1 | AR2555: 295.5 | AS2555: 292.7 | AT2555: =IF([1]生データ_製品!$F30655="生産品",[1]生データ_製品!$D30655,NA()) -> 294.5 | AU2555: 293 | AV2555: 294.4 | AW2555: 291.6 | AY2555: 293.8 | AZ2555: 295.2 | BA2555: 292.4 | BC2555: 293.7 | BD2555: 295.1 | BE2555: 292.3 | BG2555: 293.6 | BH2555: 295 | BI2555: 292.2
A2556: 2552 | C2556: 294.4 | D2556: 295.8 | E2556: 293 | F2556: =IF([1]生データ_製品!$F5015="生産品",[1]生データ_製品!$D5015,NA()) -> 295.7 | G2556: 295.2 | H2556: 296.64 | I2556: 293.8 | K2556: 294.2 | L2556: 295.64 | M2556: 292.8 | N2556: =IF([1]生データ_製品!$F10053="生産品",[1]生データ_製品!$D10053,NA()) -> 292.8 | O2556: 295.4 | P2556: 296.8 | Q2556: 294 | S2556: 292.5 | T2556: 293.9 | U2556: 291.1 | V2556: =IF([1]生データ_製品!$F15165="生産品",[1]生データ_製品!$D15165,NA()) -> 290.9 | W2556: 292.3 | X2556: 293.7 | Y2556: 290.9 | Z2556: =IF([1]生データ_製品!$F17875="生産品",[1]生データ_製品!$D17875,NA()) -> 295.8 | AA2556: 294.2 | AB2556: 295.6 | AC2556: 292.8 | AD2556: =IF([1]生データ_製品!$F20474="生産品",[1]生データ_製品!$D20474,NA()) -> 295.4 | AE2556: 295.2 | AF2556: 296.6 | AG2556: 293.8 | AI2556: 295.8 | AJ2556: 297.2 | AK2556: 294.4 | AM2556: 292.5 | AN2556: 293.9 | AO2556: 291.1 | AQ2556: 294.1 | AR2556: 295.5 | AS2556: 292.7 | AT2556: =IF([1]生データ_製品!$F30656="生産品",[1]生データ_製品!$D30656,NA()) -> 294.1 | AU2556: 293 | AV2556: 294.4 | AW2556: 291.6 | AY2556: 293.8 | AZ2556: 295.2 | BA2556: 292.4 | BC2556: 293.7 | BD2556: 295.1 | BE2556: 292.3 | BG2556: 293.6 | BH2556: 295 | BI2556: 292.2
A2557: 2553 | C2557: 294.4 | D2557: 295.8 | E2557: 293 | F2557: =IF([1]生データ_製品!$F5016="生産品",[1]生データ_製品!$D5016,NA()) -> 296.1 | G2557: 295.2 | H2557: 296.64 | I2557: 293.8 | K2557: 294.2 | L2557: 295.64 | M2557: 292.8 | N2557: =IF([1]生データ_製品!$F10054="生産品",[1]生データ_製品!$D10054,NA()) -> 293.2 | O2557: 295.4 | P2557: 296.8 | Q2557: 294 | S2557: 292.5 | T2557: 293.9 | U2557: 291.1 | V2557: =IF([1]生データ_製品!$F15166="生産品",[1]生データ_製品!$D15166,NA()) -> 290.9 | W2557: 292.3 | X2557: 293.7 | Y2557: 290.9 | Z2557: =IF([1]生データ_製品!$F17876="生産品",[1]生データ_製品!$D17876,NA()) -> 295.8 | AA2557: 294.2 | AB2557: 295.6 | AC2557: 292.8 | AD2557: =IF([1]生データ_製品!$F20475="生産品",[1]生データ_製品!$D20475,NA()) -> 294.9 | AE2557: 295.2 | AF2557: 296.6 | AG2557: 293.8 | AI2557: 295.8 | AJ2557: 297.2 | AK2557: 294.4 | AM2557: 292.5 | AN2557: 293.9 | AO2557: 291.1 | AQ2557: 294.1 | AR2557: 295.5 | AS2557: 292.7 | AT2557: =IF([1]生データ_製品!$F30657="生産品",[1]生データ_製品!$D30657,NA()) -> 295.3 | AU2557: 293 | AV2557: 294.4 | AW2557: 291.6 | AY2557: 293.8 | AZ2557: 295.2 | BA2557: 292.4 | BC2557: 293.7 | BD2557: 295.1 | BE2557: 292.3 | BG2557: 293.6 | BH2557: 295 | BI2557: 292.2
A2558: 2554 | C2558: 294.4 | D2558: 295.8 | E2558: 293 | F2558: =IF([1]生データ_製品!$F5017="生産品",[1]生データ_製品!$D5017,NA()) -> 296.2 | G2558: 295.2 | H2558: 296.64 | I2558: 293.8 | K2558: 294.2 | L2558: 295.64 | M2558: 292.8 | N2558: =IF([1]生データ_製品!$F10055="生産品",[1]生データ_製品!$D10055,NA()) -> 295.3 | O2558: 295.4 | P2558: 296.8 | Q2558: 294 | S2558: 292.5 | T2558: 293.9 | U2558: 291.1 | V2558: =IF([1]生データ_製品!$F15167="生産品",[1]生データ_製品!$D15167,NA()) -> 291.1 | W2558: 292.3 | X2558: 293.7 | Y2558: 290.9 | Z2558: =IF([1]生データ_製品!$F17877="生産品",[1]生データ_製品!$D17877,NA()) -> 293.9 | AA2558: 294.2 | AB2558: 295.6 | AC2558: 292.8 | AD2558: =IF([1]生データ_製品!$F20476="生産品",[1]生データ_製品!$D20476,NA()) -> 295.1 | AE2558: 295.2 | AF2558: 296.6 | AG2558: 293.8 | AI2558: 295.8 | AJ2558: 297.2 | AK2558: 294.4 | AM2558: 292.5 | AN2558: 293.9 | AO2558: 291.1 | AQ2558: 294.1 | AR2558: 295.5 | AS2558: 292.7 | AT2558: =IF([1]生データ_製品!$F30658="生産品",[1]生データ_製品!$D30658,NA()) -> 294.2 | AU2558: 293 | AV2558: 294.4 | AW2558: 291.6 | AY2558: 293.8 | AZ2558: 295.2 | BA2558: 292.4 | BC2558: 293.7 | BD2558: 295.1 | BE2558: 292.3 | BG2558: 293.6 | BH2558: 295 | BI2558: 292.2
A2559: 2555 | C2559: 294.4 | D2559: 295.8 | E2559: 293 | F2559: =IF([1]生データ_製品!$F5018="生産品",[1]生データ_製品!$D5018,NA()) -> 296.1 | G2559: 295.2 | H2559: 296.64 | I2559: 293.8 | K2559: 294.2 | L2559: 295.64 | M2559: 292.8 | N2559: =IF([1]生データ_製品!$F10056="生産品",[1]生データ_製品!$D10056,NA()) -> 292.3 | O2559: 295.4 | P2559: 296.8 | Q2559: 294 | S2559: 292.5 | T2559: 293.9 | U2559: 291.1 | V2559: =IF([1]生データ_製品!$F15168="生産品",[1]生データ_製品!$D15168,NA()) -> 290.9 | W2559: 292.3 | X2559: 293.7 | Y2559: 290.9 | Z2559: =IF([1]生データ_製品!$F17878="生産品",[1]生データ_製品!$D17878,NA()) -> 293.8 | AA2559: 294.2 | AB2559: 295.6 | AC2559: 292.8 | AD2559: =IF([1]生データ_製品!$F20477="生産品",[1]生データ_製品!$D20477,NA()) -> 294.5 | AE2559: 295.2 | AF2559: 296.6 | AG2559: 293.8 | AI2559: 295.8 | AJ2559: 297.2 | AK2559: 294.4 | AM2559: 292.5 | AN2559: 293.9 | AO2559: 291.1 | AQ2559: 294.1 | AR2559: 295.5 | AS2559: 292.7 | AT2559: =IF([1]生データ_製品!$F30659="生産品",[1]生データ_製品!$D30659,NA()) -> 294.9 | AU2559: 293 | AV2559: 294.4 | AW2559: 291.6 | AY2559: 293.8 | AZ2559: 295.2 | BA2559: 292.4 | BC2559: 293.7 | BD2559: 295.1 | BE2559: 292.3 | BG2559: 293.6 | BH2559: 295 | BI2559: 292.2
A2560: 2556 | C2560: 294.4 | D2560: 295.8 | E2560: 293 | F2560: =IF([1]生データ_製品!$F5019="生産品",[1]生データ_製品!$D5019,NA()) -> 295.7 | G2560: 295.2 | H2560: 296.64 | I2560: 293.8 | K2560: 294.2 | L2560: 295.64 | M2560: 292.8 | N2560: =IF([1]生データ_製品!$F10057="生産品",[1]生データ_製品!$D10057,NA()) -> 293 | O2560: 295.4 | P2560: 296.8 | Q2560: 294 | S2560: 292.5 | T2560: 293.9 | U2560: 291.1 | V2560: =IF([1]生データ_製品!$F15169="生産品",[1]生データ_製品!$D15169,NA()) -> 290.8 | W2560: 292.3 | X2560: 293.7 | Y2560: 290.9 | Z2560: =IF([1]生データ_製品!$F17879="生産品",[1]生データ_製品!$D17879,NA()) -> 295.4 | AA2560: 294.2 | AB2560: 295.6 | AC2560: 292.8 | AD2560: =IF([1]生データ_製品!$F20478="生産品",[1]生データ_製品!$D20478,NA()) -> 295.8 | AE2560: 295.2 | AF2560: 296.6 | AG2560: 293.8 | AI2560: 295.8 | AJ2560: 297.2 | AK2560: 294.4 | AM2560: 292.5 | AN2560: 293.9 | AO2560: 291.1 | AQ2560: 294.1 | AR2560: 295.5 | AS2560: 292.7 | AT2560: =IF([1]生データ_製品!$F30660="生産品",[1]生データ_製品!$D30660,NA()) -> 295.3 | AU2560: 293 | AV2560: 294.4 | AW2560: 291.6 | AY2560: 293.8 | AZ2560: 295.2 | BA2560: 292.4 | BC2560: 293.7 | BD2560: 295.1 | BE2560: 292.3 | BG2560: 293.6 | BH2560: 295 | BI2560: 292.2
A2561: 2557 | C2561: 294.4 | D2561: 295.8 | E2561: 293 | F2561: =IF([1]生データ_製品!$F5020="生産品",[1]生データ_製品!$D5020,NA()) -> 295.9 | G2561: 295.2 | H2561: 296.64 | I2561: 293.8 | K2561: 294.2 | L2561: 295.64 | M2561: 292.8 | N2561: =IF([1]生データ_製品!$F10058="生産品",[1]生データ_製品!$D10058,NA()) -> 292.4 | O2561: 295.4 | P2561: 296.8 | Q2561: 294 | S2561: 292.5 | T2561: 293.9 | U2561: 291.1 | V2561: =IF([1]生データ_製品!$F15170="生産品",[1]生データ_製品!$D15170,NA()) -> 292.8 | W2561: 292.3 | X2561: 293.7 | Y2561: 290.9 | Z2561: =IF([1]生データ_製品!$F17880="生産品",[1]生データ_製品!$D17880,NA()) -> 295.4 | AA2561: 294.2 | AB2561: 295.6 | AC2561: 292.8 | AD2561: =IF([1]生データ_製品!$F20479="生産品",[1]生データ_製品!$D20479,NA()) -> 296.3 | AE2561: 295.2 | AF2561: 296.6 | AG2561: 293.8 | AI2561: 295.8 | AJ2561: 297.2 | AK2561: 294.4 | AM2561: 292.5 | AN2561: 293.9 | AO2561: 291.1 | AQ2561: 294.1 | AR2561: 295.5 | AS2561: 292.7 | AT2561: =IF([1]生データ_製品!$F30661="生産品",[1]生データ_製品!$D30661,NA()) -> 295.4 | AU2561: 293 | AV2561: 294.4 | AW2561: 291.6 | AY2561: 293.8 | AZ2561: 295.2 | BA2561: 292.4 | BC2561: 293.7 | BD2561: 295.1 | BE2561: 292.3 | BG2561: 293.6 | BH2561: 295 | BI2561: 292.2
A2562: 2558 | C2562: 294.4 | D2562: 295.8 | E2562: 293 | F2562: =IF([1]生データ_製品!$F5021="生産品",[1]生データ_製品!$D5021,NA()) -> 296.3 | G2562: 295.2 | H2562: 296.64 | I2562: 293.8 | K2562: 294.2 | L2562: 295.64 | M2562: 292.8 | N2562: =IF([1]生データ_製品!$F10059="生産品",[1]生データ_製品!$D10059,NA()) -> 292.6 | O2562: 295.4 | P2562: 296.8 | Q2562: 294 | S2562: 292.5 | T2562: 293.9 | U2562: 291.1 | V2562: =IF([1]生データ_製品!$F15171="生産品",[1]生データ_製品!$D15171,NA()) -> 293.1 | W2562: 292.3 | X2562: 293.7 | Y2562: 290.9 | Z2562: =IF([1]生データ_製品!$F17881="生産品",[1]生データ_製品!$D17881,NA()) -> 295.1 | AA2562: 294.2 | AB2562: 295.6 | AC2562: 292.8 | AD2562: =IF([1]生データ_製品!$F20480="生産品",[1]生データ_製品!$D20480,NA()) -> 296.6 | AE2562: 295.2 | AF2562: 296.6 | AG2562: 293.8 | AI2562: 295.8 | AJ2562: 297.2 | AK2562: 294.4 | AM2562: 292.5 | AN2562: 293.9 | AO2562: 291.1 | AQ2562: 294.1 | AR2562: 295.5 | AS2562: 292.7 | AT2562: =IF([1]生データ_製品!$F30662="生産品",[1]生データ_製品!$D30662,NA()) -> 294.4 | AU2562: 293 | AV2562: 294.4 | AW2562: 291.6 | AY2562: 293.8 | AZ2562: 295.2 | BA2562: 292.4 | BC2562: 293.7 | BD2562: 295.1 | BE2562: 292.3 | BG2562: 293.6 | BH2562: 295 | BI2562: 292.2
A2563: 2559 | C2563: 294.4 | D2563: 295.8 | E2563: 293 | F2563: =IF([1]生データ_製品!$F5022="生産品",[1]生データ_製品!$D5022,NA()) -> 296.3 | G2563: 295.2 | H2563: 296.64 | I2563: 293.8 | K2563: 294.2 | L2563: 295.64 | M2563: 292.8 | N2563: =IF([1]生データ_製品!$F10060="生産品",[1]生データ_製品!$D10060,NA()) -> 292.6 | O2563: 295.4 | P2563: 296.8 | Q2563: 294 | S2563: 292.5 | T2563: 293.9 | U2563: 291.1 | V2563: =IF([1]生データ_製品!$F15172="生産品",[1]生データ_製品!$D15172,NA()) -> 293.1 | W2563: 292.3 | X2563: 293.7 | Y2563: 290.9 | Z2563: =IF([1]生データ_製品!$F17882="生産品",[1]生データ_製品!$D17882,NA()) -> 296 | AA2563: 294.2 | AB2563: 295.6 | AC2563: 292.8 | AD2563: =IF([1]生データ_製品!$F20481="生産品",[1]生データ_製品!$D20481,NA()) -> 292.9 | AE2563: 295.2 | AF2563: 296.6 | AG2563: 293.8 | AI2563: 295.8 | AJ2563: 297.2 | AK2563: 294.4 | AM2563: 292.5 | AN2563: 293.9 | AO2563: 291.1 | AQ2563: 294.1 | AR2563: 295.5 | AS2563: 292.7 | AT2563: =IF([1]生データ_製品!$F30663="生産品",[1]生データ_製品!$D30663,NA()) -> 294.2 | AU2563: 293 | AV2563: 294.4 | AW2563: 291.6 | AY2563: 293.8 | AZ2563: 295.2 | BA2563: 292.4 | BC2563: 293.7 | BD2563: 295.1 | BE2563: 292.3 | BG2563: 293.6 | BH2563: 295 | BI2563: 292.2
A2564: 2560 | C2564: 294.4 | D2564: 295.8 | E2564: 293 | F2564: =IF([1]生データ_製品!$F5023="生産品",[1]生データ_製品!$D5023,NA()) -> 295.8 | G2564: 295.2 | H2564: 296.64 | I2564: 293.8 | K2564: 294.2 | L2564: 295.64 | M2564: 292.8 | N2564: =IF([1]生データ_製品!$F10061="生産品",[1]生データ_製品!$D10061,NA()) -> 292.9 | O2564: 295.4 | P2564: 296.8 | Q2564: 294 | S2564: 292.5 | T2564: 293.9 | U2564: 291.1 | V2564: =IF([1]生データ_製品!$F15173="生産品",[1]生データ_製品!$D15173,NA()) -> 294.5 | W2564: 292.3 | X2564: 293.7 | Y2564: 290.9 | Z2564: =IF([1]生データ_製品!$F17883="生産品",[1]生データ_製品!$D17883,NA()) -> 292.6 | AA2564: 294.2 | AB2564: 295.6 | AC2564: 292.8 | AD2564: =IF([1]生データ_製品!$F20482="生産品",[1]生データ_製品!$D20482,NA()) -> 296.3 | AE2564: 295.2 | AF2564: 296.6 | AG2564: 293.8 | AI2564: 295.8 | AJ2564: 297.2 | AK2564: 294.4 | AM2564: 292.5 | AN2564: 293.9 | AO2564: 291.1 | AQ2564: 294.1 | AR2564: 295.5 | AS2564: 292.7 | AT2564: =IF([1]生データ_製品!$F30664="生産品",[1]生データ_製品!$D30664,NA()) -> 294.9 | AU2564: 293 | AV2564: 294.4 | AW2564: 291.6 | AY2564: 293.8 | AZ2564: 295.2 | BA2564: 292.4 | BC2564: 293.7 | BD2564: 295.1 | BE2564: 292.3 | BG2564: 293.6 | BH2564: 295 | BI2564: 292.2
... A2573: 2569 | C2573: 294.4 | D2573: 295.8 | E2573: 293 | F2573: =IF([1]生データ_製品!$F5032="生産品",[1]生データ_製品!$D5032,NA()) -> 294 | G2573: 295.2 | H2573: 296.64 | I2573: 293.8 | K2573: 294.2 | L2573: 295.64 | M2573: 292.8 | N2573: =IF([1]生データ_製品!$F10070="生産品",[1]生データ_製品!$D10070,NA()) -> 295.4 | O2573: 295.4 | P2573: 296.8 | Q2573: 294 | S2573: 292.5 | T2573: 293.9 | U2573: 291.1 | V2573: =IF([1]生データ_製品!$F15182="生産品",[1]生データ_製品!$D15182,NA()) -> 295.5 | W2573: 292.3 | X2573: 293.7 | Y2573: 290.9 | Z2573: =IF([1]生データ_製品!$F17892="生産品",[1]生データ_製品!$D17892,NA()) -> 293.1 | AA2573: 294.2 | AB2573: 295.6 | AC2573: 292.8 | AD2573: =IF([1]生データ_製品!$F20491="生産品",[1]生データ_製品!$D20491,NA()) -> 293.2 | AE2573: 295.2 | AF2573: 296.6 | AG2573: 293.8 | AI2573: 295.8 | AJ2573: 297.2 | AK2573: 294.4 | AM2573: 292.5 | AN2573: 293.9 | AO2573: 291.1 | AQ2573: 294.1 | AR2573: 295.5 | AS2573: 292.7 | AT2573: =IF([1]生データ_製品!$F30673="生産品",[1]生データ_製品!$D30673,NA()) -> 293.7 | AU2573: 293 | AV2573: 294.4 | AW2573: 291.6 | AY2573: 293.8 | AZ2573: 295.2 | BA2573: 292.4 | BC2573: 293.7 | BD2573: 295.1 | BE2573: 292.3 | BG2573: 293.6 | BH2573: 295 | BI2573: 292.2
A2574: 2570 | C2574: 294.4 | D2574: 295.8 | E2574: 293 | G2574: 295.2 | H2574: 296.64 | I2574: 293.8 | K2574: 294.2 | L2574: 295.64 | M2574: 292.8 | N2574: =IF([1]生データ_製品!$F10071="生産品",[1]生データ_製品!$D10071,NA()) -> 293 | O2574: 295.4 | P2574: 296.8 | Q2574: 294 | S2574: 292.5 | T2574: 293.9 | U2574: 291.1 | V2574: =IF([1]生データ_製品!$F15183="生産品",[1]生データ_製品!$D15183,NA()) -> 291 | W2574: 292.3 | X2574: 293.7 | Y2574: 290.9 | Z2574: =IF([1]生データ_製品!$F17893="生産品",[1]生データ_製品!$D17893,NA()) -> 296 | AA2574: 294.2 | AB2574: 295.6 | AC2574: 292.8 | AD2574: =IF([1]生データ_製品!$F20492="生産品",[1]生データ_製品!$D20492,NA()) -> 294.8 | AE2574: 295.2 | AF2574: 296.6 | AG2574: 293.8 | AI2574: 295.8 | AJ2574: 297.2 | AK2574: 294.4 | AM2574: 292.5 | AN2574: 293.9 | AO2574: 291.1 | AQ2574: 294.1 | AR2574: 295.5 | AS2574: 292.7 | AT2574: =IF([1]生データ_製品!$F30674="生産品",[1]生データ_製品!$D30674,NA()) -> 294.3 | AU2574: 293 | AV2574: 294.4 | AW2574: 291.6 | AY2574: 293.8 | AZ2574: 295.2 | BA2574: 292.4 | BC2574: 293.7 | BD2574: 295.1 | BE2574: 292.3 | BG2574: 293.6 | BH2574: 295 | BI2574: 292.2
A2575: 2571 | C2575: 294.4 | D2575: 295.8 | E2575: 293 | G2575: 295.2 | H2575: 296.64 | I2575: 293.8 | K2575: 294.2 | L2575: 295.64 | M2575: 292.8 | N2575: =IF([1]生データ_製品!$F10072="生産品",[1]生データ_製品!$D10072,NA()) -> 293.5 | O2575: 295.4 | P2575: 296.8 | Q2575: 294 | S2575: 292.5 | T2575: 293.9 | U2575: 291.1 | V2575: =IF([1]生データ_製品!$F15184="生産品",[1]生データ_製品!$D15184,NA()) -> 291.9 | W2575: 292.3 | X2575: 293.7 | Y2575: 290.9 | Z2575: =IF([1]生データ_製品!$F17894="生産品",[1]生データ_製品!$D17894,NA()) -> 295.3 | AA2575: 294.2 | AB2575: 295.6 | AC2575: 292.8 | AD2575: =IF([1]生データ_製品!$F20493="生産品",[1]生データ_製品!$D20493,NA()) -> 295.4 | AE2575: 295.2 | AF2575: 296.6 | AG2575: 293.8 | AI2575: 295.8 | AJ2575: 297.2 | AK2575: 294.4 | AM2575: 292.5 | AN2575: 293.9 | AO2575: 291.1 | AQ2575: 294.1 | AR2575: 295.5 | AS2575: 292.7 | AT2575: =IF([1]生データ_製品!$F30675="生産品",[1]生データ_製品!$D30675,NA()) -> 292.7 | AU2575: 293 | AV2575: 294.4 | AW2575: 291.6 | AY2575: 293.8 | AZ2575: 295.2 | BA2575: 292.4 | BC2575: 293.7 | BD2575: 295.1 | BE2575: 292.3 | BG2575: 293.6 | BH2575: 295 | BI2575: 292.2
...
